Name,Link
2020 Kia Niro EV EX Premium,https://www.edmunds.com/kia/niro-ev/2020/vin/KNDCE3LG0L5067732/?radius=100
2022 Ford E-Transit Cargo Van 350 Medium Roof,https://www.edmunds.com/ford/e-transit-cargo-van/2022/vin/1FTBW9CK9NKA03113/?radius=100
2020 MINI Hardtop 2 Door Cooper SE Hatchback,https://www.edmunds.com/mini/hardtop-2-door/2020/vin/WMWXP3C03L2M33504/?radius=100
2022 Polestar 2 Long Range Dual Motor Hatchback,https://www.edmunds.com/polestar/2/2022/vin/LPSED3KA2NL055257/?radius=100
2022 Polestar 2 Long Range Dual Motor Hatchback,https://www.edmunds.com/polestar/2/2022/vin/LPSED3KA8NL055327/?radius=100
2022 Polestar 2 Long Range Dual Motor Hatchback,https://www.edmunds.com/polestar/2/2022/vin/LPSED3KA9NL054977/?radius=100
2019 Hyundai Ioniq Electric Base Hatchback,https://www.edmunds.com/hyundai/ioniq-electric/2019/vin/KMHC75LH2KU048923/?radius=100
2023 Ford Mustang Mach-E Premium Hatchback,https://www.edmunds.com/ford/mustang-mach-e/2023/vin/3FMTK3R72PMA12033/?radius=100
2023 Hyundai Kona Electric Limited,https://www.edmunds.com/hyundai/kona-electric/2023/vin/KM8K53AG7PU169924/?radius=100
2023 Mercedes-Benz EQS SUV EQS 450+,https://www.edmunds.com/mercedes-benz/eqs-suv/2023/vin/4JGDM2DB1PA012512/?radius=100
2015 BMW i3 Base Hatchback,https://www.edmunds.com/bmw/i3/2015/vin/WBY1Z2C51FV286156/?radius=100
2021 Tesla Model S Long Range,https://www.edmunds.com/tesla/model-s/2021/vin/5YJSA1E27MF426233/?radius=100
2019 Audi e-tron Prestige quattro,https://www.edmunds.com/audi/e-tron/2019/vin/WA1VAAGE9KB021912/?radius=100
2023 Mercedes-Benz EQS EQS 450+,https://www.edmunds.com/mercedes-benz/eqs/2023/vin/W1KCG2DB9PA034223/?radius=100
2020 Nissan LEAF SV Hatchback,https://www.edmunds.com/nissan/leaf/2020/vin/1N4AZ1CPXLC311128/?radius=100
2019 Audi e-tron Premium Plus quattro,https://www.edmunds.com/audi/e-tron/2019/vin/WA1LAAGE4KB024689/?radius=100
2019 Tesla Model X Standard Range,https://www.edmunds.com/tesla/model-x/2019/vin/5YJXCDE28KF160882/?radius=100
2023 Audi e-tron Premium,https://www.edmunds.com/audi/e-tron/2023/vin/WA1AAAGE7PB001406/?radius=100
2022 Kia EV6 Wind,https://www.edmunds.com/kia/ev6/2022/vin/KNDC3DLC9N5060399/?radius=100
2021 Tesla Model 3 Performance,https://www.edmunds.com/tesla/model-3/2021/vin/5YJ3E1EC6MF077860/?radius=100
2021 Volkswagen ID.4 AWD Pro S (Statement),https://www.edmunds.com/volkswagen/id4/2021/vin/WVGUNPE20MP062111/?radius=100
2018 Tesla Model X 100D,https://www.edmunds.com/tesla/model-x/2018/vin/5YJXCBE21JF087261/?radius=100
2023 Volvo XC40 Recharge Ultimate,https://www.edmunds.com/volvo/xc40-recharge/2023/vin/YV4ED3UM3P2947991/?radius=100
2022 Polestar 2 Long Range Dual Motor Hatchback,https://www.edmunds.com/polestar/2/2022/vin/LPSED3KA8NL055165/?radius=100
2021 Tesla Model 3 Standard Range Plus,https://www.edmunds.com/tesla/model-3/2021/vin/5YJ3E1EA2MF076056/?radius=100
2019 Volkswagen e-Golf SEL Premium Hatchback,https://www.edmunds.com/volkswagen/e-golf/2019/vin/WVWPR7AU6KW905096/?radius=100
2018 Nissan LEAF SV Hatchback,https://www.edmunds.com/nissan/leaf/2018/vin/1N4AZ1CPXJC303057/?radius=100
2022 Tesla Model 3 Performance,https://www.edmunds.com/tesla/model-3/2022/vin/5YJ3E1EC6NF259866/?radius=100
2022 Kia EV6 Wind,https://www.edmunds.com/kia/ev6/2022/vin/KNDC34LA8N5031149/?radius=100
2021 Ford Mustang Mach-E Premium Hatchback,https://www.edmunds.com/ford/mustang-mach-e/2021/vin/3FMTK3SU2MMA05966/?radius=100
2019 Volkswagen e-Golf SE Hatchback,https://www.edmunds.com/volkswagen/e-golf/2019/vin/WVWKR7AU2KW910371/?radius=100
2022 Hyundai IONIQ 5 Limited,https://www.edmunds.com/hyundai/ioniq-5/2022/vin/KM8KRDAFXNU080833/?radius=100
2022 Ford Mustang Mach-E GT Hatchback,https://www.edmunds.com/ford/mustang-mach-e/2022/vin/3FMTK4SX8NMA42005/?radius=100
2023 BMW iX xDrive50,https://www.edmunds.com/bmw/ix/2023/vin/WB523CF04PCL23660/?radius=100
2017 Volkswagen e-Golf SEL Premium Hatchback,https://www.edmunds.com/volkswagen/e-golf/2017/vin/WVWPR7AU9HW950140/?radius=100
2022 Mercedes-Benz EQS EQS 450+,https://www.edmunds.com/mercedes-benz/eqs/2022/vin/W1KCG2DB5NA004522/?radius=100
2021 MINI Hardtop 2 Door Cooper SE Hatchback,https://www.edmunds.com/mini/hardtop-2-door/2021/vin/WMWXP3C04M2P17824/?radius=100
2022 Chevrolet Bolt EUV Premier Hatchback,https://www.edmunds.com/chevrolet/bolt-euv/2022/vin/1G1FZ6S08N4129077/?radius=100
2022 Tesla Model X Base,https://www.edmunds.com/tesla/model-x/2022/vin/7SAXCDE55NF341374/?radius=100
2019 Tesla Model S Performance,https://www.edmunds.com/tesla/model-s/2019/vin/5YJSA1E44KF331899/?radius=100
2018 Tesla Model X 100D,https://www.edmunds.com/tesla/model-x/2018/vin/5YJXCDE25JF124436/?radius=100
2022 Ford Mustang Mach-E GT Hatchback,https://www.edmunds.com/ford/mustang-mach-e/2022/vin/3FMTK4SE4NMA12644/?radius=100
2022 BMW iX xDrive50,https://www.edmunds.com/bmw/ix/2022/vin/WB523CF03NCJ79984/?radius=100
2022 Chevrolet Bolt EUV Premier Hatchback,https://www.edmunds.com/chevrolet/bolt-euv/2022/vin/1G1FZ6S04N4131313/?radius=100
2016 Tesla Model X 75D,https://www.edmunds.com/tesla/model-x/2016/vin/5YJXCAE27GF008811/?radius=100
2023 Audi e-tron Sportback Premium S line,https://www.edmunds.com/audi/e-tron-sportback/2023/vin/WA12AAGE6PB006794/?radius=100
2021 Tesla Model 3 Performance,https://www.edmunds.com/tesla/model-3/2021/vin/5YJ3E1EC7MF064129/?radius=100
2022 Polestar 2 Long Range Dual Motor Hatchback,https://www.edmunds.com/polestar/2/2022/vin/LPSED3KA7NL059580/?radius=100
2022 Chevrolet Bolt EUV Premier Hatchback,https://www.edmunds.com/chevrolet/bolt-euv/2022/vin/1G1FZ6S07N4104218/?radius=100
2021 Volkswagen ID.4 Pro S (Statement),https://www.edmunds.com/volkswagen/id4/2021/vin/WVGKMPE24MP062669/?radius=100
2022 Tesla Model 3 Performance,https://www.edmunds.com/tesla/model-3/2022/vin/5YJ3E1EC7NF254269/?radius=100
2014 BMW i3 Base Hatchback,https://www.edmunds.com/bmw/i3/2014/vin/WBY1Z2C51EV285216/?radius=100
2021 Tesla Model S Long Range,https://www.edmunds.com/tesla/model-s/2021/vin/5YJSA1E24MF427632/?radius=100
2018 Tesla Model 3 Performance,https://www.edmunds.com/tesla/model-3/2018/vin/5YJ3E1EB0JF180064/?radius=100
2021 Audi e-tron Premium,https://www.edmunds.com/audi/e-tron/2021/vin/WA1AAAGE6MB026972/?radius=100
2016 Kia Soul EV +,https://www.edmunds.com/kia/soul-ev/2016/vin/KNDJX3AE2G7013345/?radius=100
2015 Tesla Model S P85D,https://www.edmunds.com/tesla/model-s/2015/vin/5YJSA1H40FF097620/?radius=100
2021 Tesla Model 3 Performance,https://www.edmunds.com/tesla/model-3/2021/vin/5YJ3E1ECXMF981162/?radius=100
2018 Tesla Model 3 Long Range,https://www.edmunds.com/tesla/model-3/2018/vin/5YJ3E1EB1JF090700/?radius=100
2019 Nissan LEAF SV Hatchback,https://www.edmunds.com/nissan/leaf/2019/vin/1N4AZ1CP3KC308585/?radius=100
2016 smart fortwo electric drive coupe Hatchback,https://www.edmunds.com/smart/fortwo/2016/vin/WMEEJ9AA0GK845400/?radius=100
2022 Chevrolet Bolt EUV LT Hatchback,https://www.edmunds.com/chevrolet/bolt-euv/2022/vin/1G1FY6S00N4131621/?radius=100
2022 Nissan LEAF SV Hatchback,https://www.edmunds.com/nissan/leaf/2022/vin/1N4AZ1CV4NC552362/?radius=100
2022 MINI Hardtop 2 Door Cooper SE Hatchback,https://www.edmunds.com/mini/hardtop-2-door/2022/vin/WMW13DJ04N2R21082/?radius=100
2022 Audi e-tron Sportback Premium Plus S line,https://www.edmunds.com/audi/e-tron-sportback/2022/vin/WA12AAGE8NB043133/?radius=100
2018 Tesla Model S 100D,https://www.edmunds.com/tesla/model-s/2018/vin/5YJSA1E24JF267229/?radius=100
2021 Tesla Model 3 Performance,https://www.edmunds.com/tesla/model-3/2021/vin/5YJ3E1EC6MF034751/?radius=100
2020 Nissan LEAF SV Hatchback,https://www.edmunds.com/nissan/leaf/2020/vin/1N4AZ1CP6LC304791/?radius=100
2021 Audi e-tron Sportback Premium Plus,https://www.edmunds.com/audi/e-tron-sportback/2021/vin/WA12AAGE1MB002373/?radius=100
2022 MINI Hardtop 2 Door Cooper SE Hatchback,https://www.edmunds.com/mini/hardtop-2-door/2022/vin/WMW13DJ04N2R34219/?radius=100
2015 smart fortwo electric drive coupe Hatchback,https://www.edmunds.com/smart/fortwo/2015/vin/WMEEJ9AA7FK840452/?radius=100
2019 Audi e-tron Premium Plus quattro,https://www.edmunds.com/audi/e-tron/2019/vin/WA1LAAGE5KB024717/?radius=100
2022 MINI Hardtop 2 Door Cooper SE Hatchback,https://www.edmunds.com/mini/hardtop-2-door/2022/vin/WMW13DJ0XN2R35780/?radius=100
2021 Volkswagen ID.4 1st Edition,https://www.edmunds.com/volkswagen/id4/2021/vin/WVGDMPE27MP009277/?radius=100
2023 Tesla Model 3 Base,https://www.edmunds.com/tesla/model-3/2023/vin/5YJ3E1EAXPF410712/?radius=100
2022 Ford E-Transit Cargo Van 350 Medium Roof,https://www.edmunds.com/ford/e-transit-cargo-van/2022/vin/1FTBW9CK4NKA12883/?radius=100
2017 Tesla Model S 75D,https://www.edmunds.com/tesla/model-s/2017/vin/5YJSA1E28HF199737/?radius=100
2022 Ford F-150 Lightning Lariat SuperCrew,https://www.edmunds.com/ford/f-150-lightning/2022/vin/1FT6W1EV8NWG09652/?radius=100
2021 Volvo XC40 Recharge Pure Electric P8,https://www.edmunds.com/volvo/xc40-recharge/2021/vin/YV4ED3UR7M2532745/?radius=100
2018 Tesla Model 3 Long Range,https://www.edmunds.com/tesla/model-3/2018/vin/5YJ3E1EA1JF089571/?radius=100
2018 Tesla Model 3 Mid Range,https://www.edmunds.com/tesla/model-3/2018/vin/5YJ3E1EA0JF158041/?radius=100
2022 MINI Hardtop 2 Door Cooper SE Hatchback,https://www.edmunds.com/mini/hardtop-2-door/2022/vin/WMW13DJ01N2R74967/?radius=100
2020 Chevrolet Bolt EV LT Hatchback,https://www.edmunds.com/chevrolet/bolt-ev/2020/vin/1G1FY6S09L4146499/?radius=100
2022 Kia EV6 Wind,https://www.edmunds.com/kia/ev6/2022/vin/KNDC3DLC5N5052932/?radius=100
2017 Chevrolet Bolt EV Premier Hatchback,https://www.edmunds.com/chevrolet/bolt-ev/2017/vin/1G1FX6S04H4160207/?radius=100
2022 Hyundai IONIQ 5 SE,https://www.edmunds.com/hyundai/ioniq-5/2022/vin/KM8KM4AE2NU099558/?radius=100
2020 Nissan LEAF SV Hatchback,https://www.edmunds.com/nissan/leaf/2020/vin/1N4AZ1CP9LC306731/?radius=100
2020 Nissan LEAF S Hatchback,https://www.edmunds.com/nissan/leaf/2020/vin/1N4AZ1BP9LC310537/?radius=100
2023 MINI Hardtop 2 Door Cooper SE Hatchback,https://www.edmunds.com/mini/hardtop-2-door/2023/vin/WMW13DJ06P2S97031/?radius=100
2018 smart fortwo electric drive prime Hatchback,https://www.edmunds.com/smart/fortwo/2018/vin/WMEFJ9BA1JK241669/?radius=100
2015 BMW i3 Base Hatchback,https://www.edmunds.com/bmw/i3/2015/vin/WBY1Z2C58FV555883/?radius=100
2016 Volkswagen e-Golf SE Hatchback,https://www.edmunds.com/volkswagen/e-golf/2016/vin/WVWKP7AU7GW916745/?radius=100
2020 Tesla Model 3 Long Range,https://www.edmunds.com/tesla/model-3/2020/vin/5YJ3E1EB1LF666109/?radius=100
2020 Tesla Model Y Performance,https://www.edmunds.com/tesla/model-y/2020/vin/5YJYGDEF9LF005707/?radius=100
2015 Tesla Model S P85D,https://www.edmunds.com/tesla/model-s/2015/vin/5YJSA1E44FF109305/?radius=100
2022 MINI Hardtop 2 Door Cooper SE Hatchback,https://www.edmunds.com/mini/hardtop-2-door/2022/vin/WMW13DJ08N2R04477/?radius=100
2022 Polestar 2 Long Range Dual Motor Hatchback,https://www.edmunds.com/polestar/2/2022/vin/LPSED3KA2NL050432/?radius=100
2019 Chevrolet Bolt EV LT Hatchback,https://www.edmunds.com/chevrolet/bolt-ev/2019/vin/1G1FW6S08K4108895/?radius=100
2023 Audi e-tron Sportback Premium S line,https://www.edmunds.com/audi/e-tron-sportback/2023/vin/WA12AAGE4PB008785/?radius=100
2019 Tesla Model S Performance,https://www.edmunds.com/tesla/model-s/2019/vin/5YJSA1E49KF330179/?radius=100
2020 Chevrolet Bolt EV Premier Hatchback,https://www.edmunds.com/chevrolet/bolt-ev/2020/vin/1G1FZ6S00L4116773/?radius=100
2022 Mercedes-Benz EQS EQS 450+,https://www.edmunds.com/mercedes-benz/eqs/2022/vin/W1KCG2DB2NA003389/?radius=100
2022 MINI Hardtop 2 Door Cooper SE Hatchback,https://www.edmunds.com/mini/hardtop-2-door/2022/vin/WMW13DJ03N2S08299/?radius=100
2013 Nissan LEAF SL Hatchback,https://www.edmunds.com/nissan/leaf/2013/vin/1N4AZ0CPXDC406705/?radius=100
2022 Mercedes-Benz EQB EQB 350,https://www.edmunds.com/mercedes-benz/eqb/2022/vin/W1N9M1DB7NN007060/?radius=100
2016 FIAT 500e Battery Electric Hatchback,https://www.edmunds.com/fiat/500e/2016/vin/3C3CFFGE0GT165175/?radius=100
2022 Hyundai IONIQ 5 SE,https://www.edmunds.com/hyundai/ioniq-5/2022/vin/KM8KMDAF5NU085369/?radius=100
2022 Kia EV6 Wind,https://www.edmunds.com/kia/ev6/2022/vin/KNDC3DLC7N5077220/?radius=100
2021 Tesla Model Y Long Range,https://www.edmunds.com/tesla/model-y/2021/vin/5YJYGDEE1MF199495/?radius=100
2023 Tesla Model 3 Base,https://www.edmunds.com/tesla/model-3/2023/vin/5YJ3E1EA1PF492278/?radius=100
2019 Volkswagen e-Golf SE Hatchback,https://www.edmunds.com/volkswagen/e-golf/2019/vin/WVWKR7AU4KW914731/?radius=100
2018 Tesla Model 3 Performance,https://www.edmunds.com/tesla/model-3/2018/vin/5YJ3E1EB4JF072885/?radius=100
2020 Tesla Model 3 Standard Range Plus,https://www.edmunds.com/tesla/model-3/2020/vin/5YJ3E1EAXLF597833/?radius=100
2021 Nissan LEAF SV Hatchback,https://www.edmunds.com/nissan/leaf/2021/vin/1N4AZ1CV1MC550194/?radius=100
2022 MINI Hardtop 2 Door Cooper SE Hatchback,https://www.edmunds.com/mini/hardtop-2-door/2022/vin/WMW13DJ08N2R49533/?radius=100
2019 Audi e-tron Premium Plus quattro,https://www.edmunds.com/audi/e-tron/2019/vin/WA1LABGE3KB015682/?radius=100
2019 Hyundai Kona Electric Ultimate,https://www.edmunds.com/hyundai/kona-electric/2019/vin/KM8K53AGXKU050368/?radius=100
2022 Tesla Model 3 Long Range,https://www.edmunds.com/tesla/model-3/2022/vin/5YJ3E1EB8NF296084/?radius=100
2019 Audi e-tron Premium Plus quattro,https://www.edmunds.com/audi/e-tron/2019/vin/WA1LAAGE8KB022010/?radius=100
2021 Nissan LEAF SL PLUS Hatchback,https://www.edmunds.com/nissan/leaf/2021/vin/1N4BZ1DV2MC551020/?radius=100
2021 MINI Hardtop 2 Door Cooper SE Hatchback,https://www.edmunds.com/mini/hardtop-2-door/2021/vin/WMWXP3C04M2P34722/?radius=100
2023 Volkswagen ID.4 AWD Pro S,https://www.edmunds.com/volkswagen/id4/2023/vin/1V2GNPE81PC000748/?radius=100
2022 Tesla Model 3 Performance,https://www.edmunds.com/tesla/model-3/2022/vin/5YJ3E1ECXNF152495/?radius=100
2021 Ford Mustang Mach-E California Route 1 Hatchback,https://www.edmunds.com/ford/mustang-mach-e/2021/vin/3FMTK2R71MMA36264/?radius=100
2022 MINI Hardtop 2 Door Cooper SE Hatchback,https://www.edmunds.com/mini/hardtop-2-door/2022/vin/WMW13DJ05N2S46956/?radius=100
2022 Hyundai IONIQ 5 SEL,https://www.edmunds.com/hyundai/ioniq-5/2022/vin/KM8KN4AE5NU089782/?radius=100
2022 Tesla Model 3 Performance,https://www.edmunds.com/tesla/model-3/2022/vin/5YJ3E1EC6NF171240/?radius=100
2022 Tesla Model Y Long Range,https://www.edmunds.com/tesla/model-y/2022/vin/7SAYGDEE1NF354678/?radius=100
2022 Tesla Model Y Long Range,https://www.edmunds.com/tesla/model-y/2022/vin/7SAYGDEE5NF322512/?radius=100
2021 Chevrolet Bolt EV LT Hatchback,https://www.edmunds.com/chevrolet/bolt-ev/2021/vin/1G1FY6S08M4107422/?radius=100
2022 Nissan LEAF SL PLUS Hatchback,https://www.edmunds.com/nissan/leaf/2022/vin/1N4BZ1DV3NC551366/?radius=100
2021 Ford Mustang Mach-E GT Hatchback,https://www.edmunds.com/ford/mustang-mach-e/2021/vin/3FMTK4SE0MME01134/?radius=100
2022 Kia Niro EV EX,https://www.edmunds.com/kia/niro-ev/2022/vin/KNDCC3LG2N5116888/?radius=100
2022 Hyundai Kona Electric SEL,https://www.edmunds.com/hyundai/kona-electric/2022/vin/KM8K23AG6NU138976/?radius=100
2022 MINI Hardtop 2 Door Cooper SE Hatchback,https://www.edmunds.com/mini/hardtop-2-door/2022/vin/WMW13DJ02N2P85230/?radius=100
2023 Ford Mustang Mach-E GT Hatchback,https://www.edmunds.com/ford/mustang-mach-e/2023/vin/3FMTK4SE0PMA07301/?radius=100
2022 Ford E-Transit Cargo Van 350 Medium Roof,https://www.edmunds.com/ford/e-transit-cargo-van/2022/vin/1FTBW9CK4NKA30137/?radius=100
2018 Tesla Model X 75D,https://www.edmunds.com/tesla/model-x/2018/vin/5YJXCDE27JF090595/?radius=100
2021 Audi e-tron Sportback Premium,https://www.edmunds.com/audi/e-tron-sportback/2021/vin/WA11AAGE5MB007183/?radius=100
2022 Hyundai Kona Electric SEL,https://www.edmunds.com/hyundai/kona-electric/2022/vin/KM8K33AG6NU140871/?radius=100
2022 Tesla Model 3 Long Range,https://www.edmunds.com/tesla/model-3/2022/vin/5YJ3E1EB6NF119288/?radius=100
2020 Tesla Model 3 Long Range,https://www.edmunds.com/tesla/model-3/2020/vin/5YJ3E1EB2LF618232/?radius=100
2023 Kia EV6 GT,https://www.edmunds.com/kia/ev6/2023/vin/KNDC5DLE8P5101393/?radius=100
2022 Volvo XC40 Recharge Twin Pure Electric Plus,https://www.edmunds.com/volvo/xc40-recharge-twin-pure-electric/2022/vin/YV4ED3UR5N2652450/?radius=100
2022 Ford Mustang Mach-E Premium Hatchback,https://www.edmunds.com/ford/mustang-mach-e/2022/vin/3FMTK3SS6NMA25136/?radius=100
2020 Chevrolet Bolt EV LT Hatchback,https://www.edmunds.com/chevrolet/bolt-ev/2020/vin/1G1FY6S08L4138992/?radius=100
2016 Volkswagen e-Golf SEL Premium Hatchback,https://www.edmunds.com/volkswagen/e-golf/2016/vin/WVWPP7AU3GW901603/?radius=100
2019 Audi e-tron Premium Plus quattro,https://www.edmunds.com/audi/e-tron/2019/vin/WA1LAAGE1KB023368/?radius=100
2016 Volkswagen e-Golf SE Hatchback,https://www.edmunds.com/volkswagen/e-golf/2016/vin/WVWKP7AU2GW916765/?radius=100
2021 Tesla Model 3 Performance,https://www.edmunds.com/tesla/model-3/2021/vin/5YJ3E1EC6MF935845/?radius=100
2018 Tesla Model 3 Performance,https://www.edmunds.com/tesla/model-3/2018/vin/5YJ3E1EB8JF082707/?radius=100
2019 Volkswagen e-Golf SE Hatchback,https://www.edmunds.com/volkswagen/e-golf/2019/vin/WVWKR7AU2KW909964/?radius=100
2022 Hyundai IONIQ 5 Limited,https://www.edmunds.com/hyundai/ioniq-5/2022/vin/KM8KRDAF4NU079094/?radius=100
2022 Hyundai IONIQ 5 SE,https://www.edmunds.com/hyundai/ioniq-5/2022/vin/KM8KMDAFXNU119628/?radius=100
2014 Toyota RAV4 EV Base,https://www.edmunds.com/toyota/rav4-ev/2014/vin/2T3YL4DV6EW003270/?radius=100
2020 Chevrolet Bolt EV LT Hatchback,https://www.edmunds.com/chevrolet/bolt-ev/2020/vin/1G1FY6S00L4118462/?radius=100
2017 Tesla Model 3 Long Range,https://www.edmunds.com/tesla/model-3/2017/vin/5YJ3E1EA9HF001411/?radius=100
2021 Nissan LEAF SV PLUS Hatchback,https://www.edmunds.com/nissan/leaf/2021/vin/1N4BZ1CV6MC556528/?radius=100
2021 Volkswagen ID.4 Pro S (Statement),https://www.edmunds.com/volkswagen/id4/2021/vin/WVGTMPE25MP058411/?radius=100
2022 Ford Mustang Mach-E Select Hatchback,https://www.edmunds.com/ford/mustang-mach-e/2022/vin/3FMTK1RM3NMA61751/?radius=100
2022 Tesla Model 3 Performance,https://www.edmunds.com/tesla/model-3/2022/vin/5YJ3E1EC7NF204133/?radius=100
2021 Tesla Model 3 Standard Range Plus,https://www.edmunds.com/tesla/model-3/2021/vin/5YJ3E1EA8MF871726/?radius=100
2021 Tesla Model 3 Standard Range Plus,https://www.edmunds.com/tesla/model-3/2021/vin/5YJ3E1EAXMF961248/?radius=100
2018 Tesla Model 3 Long Range,https://www.edmunds.com/tesla/model-3/2018/vin/5YJ3E1EB6JF091048/?radius=100
2019 Audi e-tron Prestige quattro,https://www.edmunds.com/audi/e-tron/2019/vin/WA1VABGE4KB011844/?radius=100
2013 Toyota RAV4 EV Base,https://www.edmunds.com/toyota/rav4-ev/2013/vin/2T3YL4DV4DW002262/?radius=100
2021 Ford Mustang Mach-E GT Hatchback,https://www.edmunds.com/ford/mustang-mach-e/2021/vin/3FMTK4SX5MME04127/?radius=100
2017 Kia Soul EV e,https://www.edmunds.com/kia/soul-ev/2017/vin/KNDJP3AE9H7022240/?radius=100
2021 Kia Niro EV EX,https://www.edmunds.com/kia/niro-ev/2021/vin/KNDCC3LG2M5103931/?radius=100
2019 Audi e-tron Premium Plus quattro,https://www.edmunds.com/audi/e-tron/2019/vin/WA1LAAGE8KB022671/?radius=100
2019 Nissan LEAF SL PLUS Hatchback,https://www.edmunds.com/nissan/leaf/2019/vin/1N4BZ1CP2KC316388/?radius=100
2022 Chevrolet Bolt EV 2LT Hatchback,https://www.edmunds.com/chevrolet/bolt-ev/2022/vin/1G1FX6S05N4122934/?radius=100
2019 Tesla Model X Long Range,https://www.edmunds.com/tesla/model-x/2019/vin/5YJXCDE28KF161241/?radius=100
2022 Ford Mustang Mach-E Select Hatchback,https://www.edmunds.com/ford/mustang-mach-e/2022/vin/3FMTK1SS8NMA25031/?radius=100
2020 Chevrolet Bolt EV Premier Hatchback,https://www.edmunds.com/chevrolet/bolt-ev/2020/vin/1G1FZ6S05L4118664/?radius=100
2018 Tesla Model S P100D,https://www.edmunds.com/tesla/model-s/2018/vin/5YJSA1E48JF277246/?radius=100
2019 Tesla Model 3 Standard Range Plus,https://www.edmunds.com/tesla/model-3/2019/vin/5YJ3E1EA8KF421135/?radius=100
2019 Tesla Model 3 Standard Range Plus,https://www.edmunds.com/tesla/model-3/2019/vin/5YJ3E1EA8KF430871/?radius=100
2022 Ford Mustang Mach-E Select Hatchback,https://www.edmunds.com/ford/mustang-mach-e/2022/vin/3FMTK1RM4NMA35336/?radius=100
2018 Tesla Model S P100D,https://www.edmunds.com/tesla/model-s/2018/vin/5YJSA1E42JF277226/?radius=100
2022 Ford Mustang Mach-E Select Hatchback,https://www.edmunds.com/ford/mustang-mach-e/2022/vin/3FMTK1RM9NMA28740/?radius=100
2020 Nissan LEAF S Hatchback,https://www.edmunds.com/nissan/leaf/2020/vin/1N4AZ1BP3LC308489/?radius=100
2020 Porsche Taycan 4S,https://www.edmunds.com/porsche/taycan/2020/vin/WP0AB2Y1XLSA51749/?radius=100
2021 Tesla Model 3 Standard Range Plus,https://www.edmunds.com/tesla/model-3/2021/vin/5YJ3E1EA2MF027214/?radius=100
2021 Tesla Model 3 Long Range,https://www.edmunds.com/tesla/model-3/2021/vin/5YJ3E1EB9MF927360/?radius=100
2022 Tesla Model Y Performance,https://www.edmunds.com/tesla/model-y/2022/vin/7SAYGDEFXNF373562/?radius=100
2018 Tesla Model 3 Performance,https://www.edmunds.com/tesla/model-3/2018/vin/5YJ3E1EB1JF055526/?radius=100
2021 Ford Mustang Mach-E Premium Hatchback,https://www.edmunds.com/ford/mustang-mach-e/2021/vin/3FMTK3SU0MMA03889/?radius=100
2021 Ford Mustang Mach-E Select Hatchback,https://www.edmunds.com/ford/mustang-mach-e/2021/vin/3FMTK1SS6MMA41775/?radius=100
2021 Ford Mustang Mach-E Select Hatchback,https://www.edmunds.com/ford/mustang-mach-e/2021/vin/3FMTK1SS1MMA61299/?radius=100
2016 Tesla Model X 90D,https://www.edmunds.com/tesla/model-x/2016/vin/5YJXCDE26GF028937/?radius=100
2021 Volkswagen ID.4 AWD Pro S (Statement),https://www.edmunds.com/volkswagen/id4/2021/vin/WVGGNPE21MP057691/?radius=100
2020 Jaguar I-PACE HSE Hatchback,https://www.edmunds.com/jaguar/i-pace/2020/vin/SADHD2S16L1F81633/?radius=100
2021 Ford Mustang Mach-E Select Hatchback,https://www.edmunds.com/ford/mustang-mach-e/2021/vin/3FMTK1SS8MMA24539/?radius=100
2022 Ford Mustang Mach-E Select Hatchback,https://www.edmunds.com/ford/mustang-mach-e/2022/vin/3FMTK1RMXNMA17259/?radius=100
2022 Ford Mustang Mach-E Select Hatchback,https://www.edmunds.com/ford/mustang-mach-e/2022/vin/3FMTK1RM8NMA13825/?radius=100
2022 Polestar 2 Long Range Single Motor Hatchback,https://www.edmunds.com/polestar/2/2022/vin/LPSEG3KA5NL078250/?radius=100
2021 Hyundai Kona Electric SEL,https://www.edmunds.com/hyundai/kona-electric/2021/vin/KM8K23AG2MU132445/?radius=100
2020 Porsche Taycan 4S,https://www.edmunds.com/porsche/taycan/2020/vin/WP0AB2Y1XLSA54280/?radius=100
2019 Volkswagen e-Golf SE Hatchback,https://www.edmunds.com/volkswagen/e-golf/2019/vin/WVWKR7AU2KW913478/?radius=100
2015 Chevrolet Spark EV 2LT Hatchback,https://www.edmunds.com/chevrolet/spark-ev/2015/vin/KL8CL6S04FC741837/?radius=100
2014 Toyota RAV4 EV Base,https://www.edmunds.com/toyota/rav4-ev/2014/vin/2T3YL4DV4EW002568/?radius=100
2020 Tesla Model Y Performance,https://www.edmunds.com/tesla/model-y/2020/vin/5YJYGDEF1LF037650/?radius=100
2020 Tesla Model Y Performance,https://www.edmunds.com/tesla/model-y/2020/vin/5YJYGDEF7LF004202/?radius=100
2016 Mercedes-Benz B-Class Electric Drive B 250e Hatchback,https://www.edmunds.com/mercedes-benz/b-class-electric-drive/2016/vin/WDDVP9AB3GJ008951/?radius=100
2020 Chevrolet Bolt EV Premier Hatchback,https://www.edmunds.com/chevrolet/bolt-ev/2020/vin/1G1FZ6S06L4119659/?radius=100
2018 Tesla Model X 100D,https://www.edmunds.com/tesla/model-x/2018/vin/5YJXCDE26JF088188/?radius=100
2016 Tesla Model S P100D,https://www.edmunds.com/tesla/model-s/2016/vin/5YJSA1E42GF159413/?radius=100
2019 Hyundai Ioniq Electric Limited Hatchback,https://www.edmunds.com/hyundai/ioniq-electric/2019/vin/KMHC05LH8KU045156/?radius=100
2021 Nissan LEAF SV PLUS Hatchback,https://www.edmunds.com/nissan/leaf/2021/vin/1N4BZ1CV1MC555660/?radius=100
2021 Audi e-tron Prestige,https://www.edmunds.com/audi/e-tron/2021/vin/WA1VABGE2MB002921/?radius=100
2019 Hyundai Kona Electric Ultimate,https://www.edmunds.com/hyundai/kona-electric/2019/vin/KM8K53AG1KU053725/?radius=100
2016 Mercedes-Benz B-Class Electric Drive B 250e Hatchback,https://www.edmunds.com/mercedes-benz/b-class-electric-drive/2016/vin/WDDVP9ABXGJ010096/?radius=100
2021 Tesla Model Y Long Range,https://www.edmunds.com/tesla/model-y/2021/vin/5YJYGDEE0MF161790/?radius=100
2016 Volkswagen e-Golf SEL Premium Hatchback,https://www.edmunds.com/volkswagen/e-golf/2016/vin/WVWPP7AU4GW912688/?radius=100
2019 Audi e-tron Premium Plus quattro,https://www.edmunds.com/audi/e-tron/2019/vin/WA1LAAGE4KB014048/?radius=100
2021 Tesla Model 3 Standard Range Plus,https://www.edmunds.com/tesla/model-3/2021/vin/5YJ3E1EA9MF853820/?radius=100
2019 Hyundai Ioniq Electric Limited Hatchback,https://www.edmunds.com/hyundai/ioniq-electric/2019/vin/KMHC05LH5KU036169/?radius=100
2022 Audi e-tron Premium Plus,https://www.edmunds.com/audi/e-tron/2022/vin/WA1LAAGE3NB005281/?radius=100
2014 Chevrolet Spark EV 2LT Hatchback,https://www.edmunds.com/chevrolet/spark-ev/2014/vin/KL8CL6S02EC400466/?radius=100
2019 Audi e-tron Premium Plus quattro,https://www.edmunds.com/audi/e-tron/2019/vin/WA1LAAGE1KB011804/?radius=100
2021 Ford Mustang Mach-E Select Hatchback,https://www.edmunds.com/ford/mustang-mach-e/2021/vin/3FMTK1RM4MMA23749/?radius=100
2019 Tesla Model X Long Range,https://www.edmunds.com/tesla/model-x/2019/vin/5YJXCDE20KF199398/?radius=100
2021 MINI Hardtop 2 Door Cooper SE Hatchback,https://www.edmunds.com/mini/hardtop-2-door/2021/vin/WMWXP3C05M2P05553/?radius=100
2019 Tesla Model 3 Mid Range,https://www.edmunds.com/tesla/model-3/2019/vin/5YJ3E1EA8KF302520/?radius=100
2021 Tesla Model Y Long Range,https://www.edmunds.com/tesla/model-y/2021/vin/5YJYGDEE9MF121403/?radius=100
2021 Tesla Model Y Long Range,https://www.edmunds.com/tesla/model-y/2021/vin/5YJYGDEE7MF079328/?radius=100
2020 Tesla Model Y Long Range,https://www.edmunds.com/tesla/model-y/2020/vin/5YJYGDEE6LF053043/?radius=100
2022 Tesla Model Y Performance,https://www.edmunds.com/tesla/model-y/2022/vin/7SAYGDEFXNF494012/?radius=100
2020 Hyundai Ioniq Electric Limited Hatchback,https://www.edmunds.com/hyundai/ioniq-electric/2020/vin/KMHC85LJ7LU061040/?radius=100
2021 Chevrolet Bolt EV Premier Hatchback,https://www.edmunds.com/chevrolet/bolt-ev/2021/vin/1G1FZ6S07M4100197/?radius=100
2022 MINI Hardtop 2 Door Cooper SE Hatchback,https://www.edmunds.com/mini/hardtop-2-door/2022/vin/WMW13DJ00N2P64070/?radius=100
2020 Chevrolet Bolt EV LT Hatchback,https://www.edmunds.com/chevrolet/bolt-ev/2020/vin/1G1FY6S07L4133122/?radius=100
2017 Nissan LEAF S Hatchback,https://www.edmunds.com/nissan/leaf/2017/vin/1N4BZ0CP2HC309766/?radius=100
2022 Tesla Model S Base,https://www.edmunds.com/tesla/model-s/2022/vin/5YJSA1E57NF493460/?radius=100
2019 Kia Niro EV EX,https://www.edmunds.com/kia/niro-ev/2019/vin/KNDCC3LG4K5024192/?radius=100
2019 Tesla Model 3 Standard Range Plus,https://www.edmunds.com/tesla/model-3/2019/vin/5YJ3E1EA5KF431623/?radius=100
2015 Volkswagen e-Golf SEL Premium Hatchback,https://www.edmunds.com/volkswagen/e-golf/2015/vin/WVWPP7AU9FW902950/?radius=100
2018 Tesla Model 3 Long Range,https://www.edmunds.com/tesla/model-3/2018/vin/5YJ3E1EA5JF157158/?radius=100
2022 Ford E-Transit Cargo Van 350 Medium Roof,https://www.edmunds.com/ford/e-transit-cargo-van/2022/vin/1FTBW9CK9NKA41828/?radius=100
2021 Ford Mustang Mach-E Premium Hatchback,https://www.edmunds.com/ford/mustang-mach-e/2021/vin/3FMTK3SUXMMA26970/?radius=100
2016 smart fortwo electric drive coupe Hatchback,https://www.edmunds.com/smart/fortwo/2016/vin/WMEEJ9AAXGK841788/?radius=100
2020 Tesla Model 3 Standard Range Plus,https://www.edmunds.com/tesla/model-3/2020/vin/5YJ3E1EA6LF799410/?radius=100
2022 Mazda MX-30 Premium Plus,https://www.edmunds.com/mazda/mx-30/2022/vin/JM1DRADB6N0100829/?radius=100
2015 Nissan LEAF S Hatchback,https://www.edmunds.com/nissan/leaf/2015/vin/1N4AZ0CP7FC331318/?radius=100
2019 Tesla Model X P100D,https://www.edmunds.com/tesla/model-x/2019/vin/5YJXCBE41KF180817/?radius=100
2021 Ford Mustang Mach-E Premium Hatchback,https://www.edmunds.com/ford/mustang-mach-e/2021/vin/3FMTK3SU7MMA03582/?radius=100
2020 Porsche Taycan Turbo,https://www.edmunds.com/porsche/taycan/2020/vin/WP0AC2Y19LSA70189/?radius=100
2022 Ford Mustang Mach-E Select Hatchback,https://www.edmunds.com/ford/mustang-mach-e/2022/vin/3FMTK1SS8NMA25336/?radius=100
2022 MINI Hardtop 2 Door Cooper SE Hatchback,https://www.edmunds.com/mini/hardtop-2-door/2022/vin/WMW13DJ02N2R64271/?radius=100
2021 Tesla Model X Long Range,https://www.edmunds.com/tesla/model-x/2021/vin/5YJXCDE28MF322299/?radius=100
2018 Tesla Model 3 Long Range,https://www.edmunds.com/tesla/model-3/2018/vin/5YJ3E1EA1JF007595/?radius=100
2020 Nissan LEAF SL PLUS Hatchback,https://www.edmunds.com/nissan/leaf/2020/vin/1N4BZ1DP9LC304612/?radius=100
2022 Ford Mustang Mach-E GT Hatchback,https://www.edmunds.com/ford/mustang-mach-e/2022/vin/3FMTK4SE0NMA04220/?radius=100
2022 Tesla Model 3 Long Range,https://www.edmunds.com/tesla/model-3/2022/vin/5YJ3E1EB8NF305771/?radius=100
2020 Chevrolet Bolt EV Premier Hatchback,https://www.edmunds.com/chevrolet/bolt-ev/2020/vin/1G1FZ6S08L4148466/?radius=100
2022 Kia Niro EV S,https://www.edmunds.com/kia/niro-ev/2022/vin/KNDCC3LG4N5159564/?radius=100
2022 Ford Mustang Mach-E GT Hatchback,https://www.edmunds.com/ford/mustang-mach-e/2022/vin/3FMTK4SE3NMA08780/?radius=100
2022 Polestar 2 Long Range Single Motor Hatchback,https://www.edmunds.com/polestar/2/2022/vin/LPSEG3KAXNL067065/?radius=100
2023 Tesla Model 3 Base,https://www.edmunds.com/tesla/model-3/2023/vin/5YJ3E1EA0PF454699/?radius=100
2022 BMW i4 eDrive40,https://www.edmunds.com/bmw/i4/2022/vin/WBY73AW04NFM76337/?radius=100
2022 Tesla Model S Base,https://www.edmunds.com/tesla/model-s/2022/vin/5YJSA1E53NF475652/?radius=100
2022 Tesla Model 3 Long Range,https://www.edmunds.com/tesla/model-3/2022/vin/5YJ3E1EB7NF270625/?radius=100
2023 Polestar 2 Long Range Dual Motor Hatchback,https://www.edmunds.com/polestar/2/2023/vin/YSMED3KA4PL120690/?radius=100
2022 Tesla Model 3 Long Range,https://www.edmunds.com/tesla/model-3/2022/vin/5YJ3E1EB8NF106834/?radius=100
2021 Tesla Model S Base,https://www.edmunds.com/tesla/model-s/2021/vin/5YJSA1E55MF455286/?radius=100
2022 Tesla Model 3 Long Range,https://www.edmunds.com/tesla/model-3/2022/vin/5YJ3E1EB4NF173818/?radius=100
2015 Chevrolet Spark EV 2LT Hatchback,https://www.edmunds.com/chevrolet/spark-ev/2015/vin/KL8CL6S01FC749572/?radius=100
2019 Nissan LEAF SV Hatchback,https://www.edmunds.com/nissan/leaf/2019/vin/1N4AZ1CPXKC306395/?radius=100
2022 Ford E-Transit Cargo Van 350 Medium Roof,https://www.edmunds.com/ford/e-transit-cargo-van/2022/vin/1FTBW9CK0NKA42172/?radius=100
2022 Ford Mustang Mach-E GT Hatchback,https://www.edmunds.com/ford/mustang-mach-e/2022/vin/3FMTK4SE5NMA07873/?radius=100
2018 Tesla Model 3 Mid Range,https://www.edmunds.com/tesla/model-3/2018/vin/5YJ3E1EA9JF172911/?radius=100
2023 Ford F-150 Lightning Lariat SuperCrew,https://www.edmunds.com/ford/f-150-lightning/2023/vin/1FT6W1EV6PWG04825/?radius=100
2022 Kia Niro EV EX,https://www.edmunds.com/kia/niro-ev/2022/vin/KNDCC3LG7N5155945/?radius=100
2022 Audi e-tron Sportback Premium Plus S line,https://www.edmunds.com/audi/e-tron-sportback/2022/vin/WA12AAGE4NB003759/?radius=100
2019 Tesla Model X P100D,https://www.edmunds.com/tesla/model-x/2019/vin/5YJXCDE4XKF185445/?radius=100
2022 Tesla Model X Base,https://www.edmunds.com/tesla/model-x/2022/vin/7SAXCAE52NF344070/?radius=100
2017 Chevrolet Bolt EV LT Hatchback,https://www.edmunds.com/chevrolet/bolt-ev/2017/vin/1G1FW6S0XH4188998/?radius=100
2022 Ford Mustang Mach-E Premium Hatchback,https://www.edmunds.com/ford/mustang-mach-e/2022/vin/3FMTK3RM5NMA02051/?radius=100
2021 Hyundai Ioniq Electric Limited Hatchback,https://www.edmunds.com/hyundai/ioniq-electric/2021/vin/KMHC85LJ0MU077243/?radius=100
2018 Nissan LEAF SV Hatchback,https://www.edmunds.com/nissan/leaf/2018/vin/1N4AZ1CP3JC302204/?radius=100
2022 Ford Mustang Mach-E Select Hatchback,https://www.edmunds.com/ford/mustang-mach-e/2022/vin/3FMTK1SS2NMA13893/?radius=100
2022 Tesla Model 3 Long Range,https://www.edmunds.com/tesla/model-3/2022/vin/5YJ3E1EBXNF197038/?radius=100
2022 Ford Mustang Mach-E Select Hatchback,https://www.edmunds.com/ford/mustang-mach-e/2022/vin/3FMTK1SS7NMA17499/?radius=100
2018 Chevrolet Bolt EV Premier Hatchback,https://www.edmunds.com/chevrolet/bolt-ev/2018/vin/1G1FX6S06J4140076/?radius=100
2022 Chevrolet Bolt EV 2LT Hatchback,https://www.edmunds.com/chevrolet/bolt-ev/2022/vin/1G1FX6S08N4103293/?radius=100
2022 MINI Hardtop 2 Door Cooper SE Hatchback,https://www.edmunds.com/mini/hardtop-2-door/2022/vin/WMW13DJ0XN2P66957/?radius=100
2019 Jaguar I-PACE SE Hatchback,https://www.edmunds.com/jaguar/i-pace/2019/vin/SADHC2S1XK1F72838/?radius=100
2023 Porsche Taycan GTS,https://www.edmunds.com/porsche/taycan/2023/vin/WP0AD2Y10PSA47872/?radius=100
2016 Tesla Model S P90D,https://www.edmunds.com/tesla/model-s/2016/vin/5YJSA1E46GF142517/?radius=100
2018 Nissan LEAF SL Hatchback,https://www.edmunds.com/nissan/leaf/2018/vin/1N4AZ1CP5JC315794/?radius=100
2018 Tesla Model 3 Long Range,https://www.edmunds.com/tesla/model-3/2018/vin/5YJ3E1EA7JF003406/?radius=100
2021 MINI Hardtop 2 Door Cooper SE Hatchback,https://www.edmunds.com/mini/hardtop-2-door/2021/vin/WMWXP3C07M2N64470/?radius=100
2016 Nissan LEAF SV Hatchback,https://www.edmunds.com/nissan/leaf/2016/vin/1N4BZ0CP1GC312348/?radius=100
2022 Hyundai IONIQ 5 SEL,https://www.edmunds.com/hyundai/ioniq-5/2022/vin/KM8KNDAF3NU102795/?radius=100
2019 Audi e-tron Prestige quattro,https://www.edmunds.com/audi/e-tron/2019/vin/WA1VAAGE5KB017467/?radius=100
2021 Ford Mustang Mach-E Select Hatchback,https://www.edmunds.com/ford/mustang-mach-e/2021/vin/3FMTK1SS5MMA55117/?radius=100
2017 Nissan LEAF S Hatchback,https://www.edmunds.com/nissan/leaf/2017/vin/1N4BZ0CP3HC308500/?radius=100
2018 Tesla Model 3 Long Range,https://www.edmunds.com/tesla/model-3/2018/vin/5YJ3E1EB7JF055871/?radius=100
2019 Audi e-tron Premium Plus quattro,https://www.edmunds.com/audi/e-tron/2019/vin/WA1LAAGE6KB024788/?radius=100
2023 Genesis GV60 Performance,https://www.edmunds.com/genesis/gv60/2023/vin/KMUKEDTB7PU003458/?radius=100
2018 FIAT 500e Battery Electric Hatchback,https://www.edmunds.com/fiat/500e/2018/vin/3C3CFFGE6JT466752/?radius=100
2019 Audi e-tron Premium Plus quattro,https://www.edmunds.com/audi/e-tron/2019/vin/WA1LAAGEXKB007881/?radius=100
2022 Ford Mustang Mach-E Select Hatchback,https://www.edmunds.com/ford/mustang-mach-e/2022/vin/3FMTK1SS3NMA19136/?radius=100
2022 Kia Niro EV EX Premium,https://www.edmunds.com/kia/niro-ev/2022/vin/KNDCE3LG6N5120985/?radius=100
2016 Tesla Model S P90D,https://www.edmunds.com/tesla/model-s/2016/vin/5YJSA1E41GF128394/?radius=100
2022 Ford Mustang Mach-E Select Hatchback,https://www.edmunds.com/ford/mustang-mach-e/2022/vin/3FMTK1SS5NMA20577/?radius=100
2022 Chevrolet Bolt EUV Premier Hatchback,https://www.edmunds.com/chevrolet/bolt-euv/2022/vin/1G1FZ6S07N4113999/?radius=100
2018 Tesla Model 3 Long Range,https://www.edmunds.com/tesla/model-3/2018/vin/5YJ3E1EAXJF031054/?radius=100
2019 Hyundai Ioniq Electric Limited Hatchback,https://www.edmunds.com/hyundai/ioniq-electric/2019/vin/KMHC05LH1KU044690/?radius=100
2022 Audi e-tron Sportback Premium S line,https://www.edmunds.com/audi/e-tron-sportback/2022/vin/WA11AAGE5NB026558/?radius=100
2019 Kia Niro EV EX Premium,https://www.edmunds.com/kia/niro-ev/2019/vin/KNDCE3LG3K5026140/?radius=100
2020 Tesla Model Y Long Range,https://www.edmunds.com/tesla/model-y/2020/vin/5YJYGDEE6LF013545/?radius=100
2019 Tesla Model S 75D,https://www.edmunds.com/tesla/model-s/2019/vin/5YJSA1E24KF302174/?radius=100
2014 BMW i3 Base Hatchback,https://www.edmunds.com/bmw/i3/2014/vin/WBY1Z2C56EV284739/?radius=100
2016 Tesla Model X 75D,https://www.edmunds.com/tesla/model-x/2016/vin/5YJXCDE25GF026158/?radius=100
2020 Tesla Model 3 Long Range,https://www.edmunds.com/tesla/model-3/2020/vin/5YJ3E1EB6LF638063/?radius=100
2019 Tesla Model 3 Standard Range,https://www.edmunds.com/tesla/model-3/2019/vin/5YJ3E1EA4KF312011/?radius=100
2022 Tesla Model 3 Base,https://www.edmunds.com/tesla/model-3/2022/vin/5YJ3E1EA1NF207916/?radius=100
2020 Tesla Model 3 Long Range,https://www.edmunds.com/tesla/model-3/2020/vin/5YJ3E1EB5LF635915/?radius=100
2022 Ford Mustang Mach-E Select Hatchback,https://www.edmunds.com/ford/mustang-mach-e/2022/vin/3FMTK1RM6NMA14312/?radius=100
2021 Ford Mustang Mach-E Select Hatchback,https://www.edmunds.com/ford/mustang-mach-e/2021/vin/3FMTK1SS9MMA39230/?radius=100
2019 Hyundai Kona Electric Limited,https://www.edmunds.com/hyundai/kona-electric/2019/vin/KM8K33AG3KU045776/?radius=100
2017 Kia Soul EV +,https://www.edmunds.com/kia/soul-ev/2017/vin/KNDJX3AE3H7019379/?radius=100
2016 Nissan LEAF S Hatchback,https://www.edmunds.com/nissan/leaf/2016/vin/1N4AZ0CP2GC303752/?radius=100
2020 Jaguar I-PACE SE Hatchback,https://www.edmunds.com/jaguar/i-pace/2020/vin/SADHC2S1XL1F86983/?radius=100
2017 Nissan LEAF SV Hatchback,https://www.edmunds.com/nissan/leaf/2017/vin/1N4BZ0CP6HC300102/?radius=100
2014 BMW i3 Base Hatchback,https://www.edmunds.com/bmw/i3/2014/vin/WBY1Z2C53EV284388/?radius=100
2018 Tesla Model S 75D,https://www.edmunds.com/tesla/model-s/2018/vin/5YJSA1E27JF281464/?radius=100
2019 Tesla Model 3 Standard Range Plus,https://www.edmunds.com/tesla/model-3/2019/vin/5YJ3E1EA4KF430673/?radius=100
2020 Tesla Model 3 Standard Range Plus,https://www.edmunds.com/tesla/model-3/2020/vin/5YJ3E1EA9LF802462/?radius=100
2017 Kia Soul EV +,https://www.edmunds.com/kia/soul-ev/2017/vin/KNDJX3AEXH7019024/?radius=100
2015 Volkswagen e-Golf SEL Premium Hatchback,https://www.edmunds.com/volkswagen/e-golf/2015/vin/WVWPP7AU6FW910276/?radius=100
2021 Ford Mustang Mach-E Premium Hatchback,https://www.edmunds.com/ford/mustang-mach-e/2021/vin/3FMTK3SU2MMA10214/?radius=100
2021 Tesla Model Y Long Range,https://www.edmunds.com/tesla/model-y/2021/vin/5YJYGDEE9MF279577/?radius=100
2018 Tesla Model X 75D,https://www.edmunds.com/tesla/model-x/2018/vin/5YJXCDE24JF109300/?radius=100
2014 Tesla Model S P85,https://www.edmunds.com/tesla/model-s/2014/vin/5YJSA1H18EFP43507/?radius=100
2020 Tesla Model 3 Performance,https://www.edmunds.com/tesla/model-3/2020/vin/5YJ3E1ECXLF641167/?radius=100
2017 Tesla Model X 100D,https://www.edmunds.com/tesla/model-x/2017/vin/5YJXCBE21HF075668/?radius=100
2018 Chevrolet Bolt EV Premier Hatchback,https://www.edmunds.com/chevrolet/bolt-ev/2018/vin/1G1FX6S03J4110842/?radius=100
2022 Tesla Model Y Performance,https://www.edmunds.com/tesla/model-y/2022/vin/7SAYGDEF2NF307250/?radius=100
2017 Chevrolet Bolt EV Premier Hatchback,https://www.edmunds.com/chevrolet/bolt-ev/2017/vin/1G1FX6S00H4155716/?radius=100
2019 Nissan LEAF SV PLUS Hatchback,https://www.edmunds.com/nissan/leaf/2019/vin/1N4BZ1CP0KC321329/?radius=100
2019 Audi e-tron Premium Plus quattro,https://www.edmunds.com/audi/e-tron/2019/vin/WA1LAAGE7KB023908/?radius=100
2016 Kia Soul EV Base,https://www.edmunds.com/kia/soul-ev/2016/vin/KNDJP3AE8G7013768/?radius=100
2017 Chevrolet Bolt EV LT Hatchback,https://www.edmunds.com/chevrolet/bolt-ev/2017/vin/1G1FW6S04H4162073/?radius=100
2014 Toyota RAV4 EV Base,https://www.edmunds.com/toyota/rav4-ev/2014/vin/2T3YL4DV3EW003081/?radius=100
2019 Tesla Model 3 Mid Range,https://www.edmunds.com/tesla/model-3/2019/vin/5YJ3E1EA8KF307572/?radius=100
2021 Tesla Model Y Performance,https://www.edmunds.com/tesla/model-y/2021/vin/5YJYGDEF0MF182776/?radius=100
2015 BMW i3 Base Hatchback,https://www.edmunds.com/bmw/i3/2015/vin/WBY1Z2C5XFV286592/?radius=100
2021 Tesla Model 3 Standard Range Plus,https://www.edmunds.com/tesla/model-3/2021/vin/5YJ3E1EA2MF976374/?radius=100
2019 Tesla Model S Performance,https://www.edmunds.com/tesla/model-s/2019/vin/5YJSA1E40KF333908/?radius=100
2015 Nissan LEAF SV Hatchback,https://www.edmunds.com/nissan/leaf/2015/vin/1N4AZ0CP7FC333151/?radius=100
2020 Hyundai Ioniq Electric Limited Hatchback,https://www.edmunds.com/hyundai/ioniq-electric/2020/vin/KMHC85LJ2LU068641/?radius=100
2018 Nissan LEAF SV Hatchback,https://www.edmunds.com/nissan/leaf/2018/vin/1N4AZ1CP9JC311554/?radius=100
2017 Chevrolet Bolt EV Premier Hatchback,https://www.edmunds.com/chevrolet/bolt-ev/2017/vin/1G1FX6S00H4187775/?radius=100
2020 Tesla Model Y Long Range,https://www.edmunds.com/tesla/model-y/2020/vin/5YJYGDEE4LF035981/?radius=100
2021 Ford Mustang Mach-E Premium Hatchback,https://www.edmunds.com/ford/mustang-mach-e/2021/vin/3FMTK3SU9MMA43033/?radius=100
2022 MINI Hardtop 2 Door Cooper SE Hatchback,https://www.edmunds.com/mini/hardtop-2-door/2022/vin/WMW13DJ0XN2R35911/?radius=100
2015 Chevrolet Spark EV 2LT Hatchback,https://www.edmunds.com/chevrolet/spark-ev/2015/vin/KL8CL6S08FC704483/?radius=100
2023 Audi e-tron Premium,https://www.edmunds.com/audi/e-tron/2023/vin/WA1AAAGE7PB020442/?radius=100
2015 smart fortwo electric drive cabriolet Convertible,https://www.edmunds.com/smart/fortwo/2015/vin/WMEEK9AA3FK828537/?radius=100
2021 Hyundai Kona Electric Ultimate,https://www.edmunds.com/hyundai/kona-electric/2021/vin/KM8K53AG9MU117514/?radius=100
2019 Tesla Model 3 Long Range,https://www.edmunds.com/tesla/model-3/2019/vin/5YJ3E1EB0KF391489/?radius=100
2018 Nissan LEAF SV Hatchback,https://www.edmunds.com/nissan/leaf/2018/vin/1N4AZ1CP6JC311687/?radius=100
2018 Nissan LEAF SL Hatchback,https://www.edmunds.com/nissan/leaf/2018/vin/1N4AZ1CP8JC302425/?radius=100
2021 Hyundai Kona Electric Limited,https://www.edmunds.com/hyundai/kona-electric/2021/vin/KM8K33AG8MU120281/?radius=100
2018 Nissan LEAF SL Hatchback,https://www.edmunds.com/nissan/leaf/2018/vin/1N4AZ1CP9JC307746/?radius=100
2021 Hyundai Kona Electric Ultimate,https://www.edmunds.com/hyundai/kona-electric/2021/vin/KM8K53AG9MU101989/?radius=100
2019 Volkswagen e-Golf SE Hatchback,https://www.edmunds.com/volkswagen/e-golf/2019/vin/WVWKR7AU8KW919074/?radius=100
2021 Tesla Model 3 Long Range,https://www.edmunds.com/tesla/model-3/2021/vin/5YJ3E1EBXMF916402/?radius=100
2021 Hyundai Kona Electric Ultimate,https://www.edmunds.com/hyundai/kona-electric/2021/vin/KM8K53AG2MU134686/?radius=100
2020 Tesla Model Y Long Range,https://www.edmunds.com/tesla/model-y/2020/vin/5YJYGDEE7LF006975/?radius=100
2017 Chevrolet Bolt EV Premier Hatchback,https://www.edmunds.com/chevrolet/bolt-ev/2017/vin/1G1FX6S08H4138954/?radius=100
2021 Ford Mustang Mach-E Premium Hatchback,https://www.edmunds.com/ford/mustang-mach-e/2021/vin/3FMTK3SU3MMA36871/?radius=100
2021 Hyundai Kona Electric Limited,https://www.edmunds.com/hyundai/kona-electric/2021/vin/KM8K33AG6MU133109/?radius=100
2017 Tesla Model S 75,https://www.edmunds.com/tesla/model-s/2017/vin/5YJSA1E10HF190697/?radius=100
2019 Tesla Model 3 Mid Range,https://www.edmunds.com/tesla/model-3/2019/vin/5YJ3E1EA7KF476207/?radius=100
2013 Tesla Model S Base,https://www.edmunds.com/tesla/model-s/2013/vin/5YJSA1AC4DFP11230/?radius=100
2019 Tesla Model 3 Long Range,https://www.edmunds.com/tesla/model-3/2019/vin/5YJ3E1EBXKF205845/?radius=100
2021 Hyundai Kona Electric Ultimate,https://www.edmunds.com/hyundai/kona-electric/2021/vin/KM8K53AG5MU131779/?radius=100
2019 Nissan LEAF SL Hatchback,https://www.edmunds.com/nissan/leaf/2019/vin/1N4AZ1CP7KC306578/?radius=100
2021 Audi e-tron Premium,https://www.edmunds.com/audi/e-tron/2021/vin/WA1AAAGE4MB025433/?radius=100
2019 Tesla Model 3 Long Range,https://www.edmunds.com/tesla/model-3/2019/vin/5YJ3E1EB1KF442398/?radius=100
2017 Tesla Model S 75,https://www.edmunds.com/tesla/model-s/2017/vin/5YJSA1E10HF176279/?radius=100
2022 Hyundai IONIQ 5 SE,https://www.edmunds.com/hyundai/ioniq-5/2022/vin/KM8KM4AEXNU054318/?radius=100
2019 Tesla Model 3 Standard Range Plus,https://www.edmunds.com/tesla/model-3/2019/vin/5YJ3E1EA3KF483168/?radius=100
2019 Tesla Model 3 Standard Range Plus,https://www.edmunds.com/tesla/model-3/2019/vin/5YJ3E1EA2KF483016/?radius=100
2019 Tesla Model 3 Standard Range Plus,https://www.edmunds.com/tesla/model-3/2019/vin/5YJ3E1EA6KF426656/?radius=100
2020 Tesla Model 3 Standard Range Plus,https://www.edmunds.com/tesla/model-3/2020/vin/5YJ3E1EA1LF708527/?radius=100
2018 Tesla Model 3 Long Range,https://www.edmunds.com/tesla/model-3/2018/vin/5YJ3E1EA7JF016334/?radius=100
2015 Tesla Model S 70D,https://www.edmunds.com/tesla/model-s/2015/vin/5YJSA1S27FF090333/?radius=100
2019 Tesla Model 3 Standard Range Plus,https://www.edmunds.com/tesla/model-3/2019/vin/5YJ3E1EA0KF311602/?radius=100
2021 Nissan LEAF S Hatchback,https://www.edmunds.com/nissan/leaf/2021/vin/1N4AZ1BVXMC550017/?radius=100
2021 Tesla Model Y Long Range,https://www.edmunds.com/tesla/model-y/2021/vin/5YJYGDEE3MF095672/?radius=100
2014 Nissan LEAF S Hatchback,https://www.edmunds.com/nissan/leaf/2014/vin/1N4AZ0CP3EC335106/?radius=100
2019 Audi e-tron Prestige quattro,https://www.edmunds.com/audi/e-tron/2019/vin/WA1VABGE6KB012669/?radius=100
2017 smart fortwo electric drive passion Hatchback,https://www.edmunds.com/smart/fortwo/2017/vin/WMEFJ9BA6HK235652/?radius=100
2018 Tesla Model 3 Mid Range,https://www.edmunds.com/tesla/model-3/2018/vin/5YJ3E1EAXJF152764/?radius=100
2023 Nissan LEAF S Hatchback,https://www.edmunds.com/nissan/leaf/2023/vin/1N4AZ1BV8PC559982/?radius=100
2012 Nissan LEAF SL Hatchback,https://www.edmunds.com/nissan/leaf/2012/vin/JN1AZ0CP0CT022797/?radius=100
2017 Tesla Model X 100D,https://www.edmunds.com/tesla/model-x/2017/vin/5YJXCAE2XHF041125/?radius=100
2014 Ford Focus Electric Hatchback,https://www.edmunds.com/ford/focus/2014/vin/1FADP3R48EL388417/?radius=100
2019 Tesla Model 3 Standard Range Plus,https://www.edmunds.com/tesla/model-3/2019/vin/5YJ3E1EA3KF300920/?radius=100
2020 Hyundai Ioniq Electric Limited Hatchback,https://www.edmunds.com/hyundai/ioniq-electric/2020/vin/KMHC85LJ5LU070402/?radius=100
2018 Tesla Model X 75D,https://www.edmunds.com/tesla/model-x/2018/vin/5YJXCAE24JF142523/?radius=100
2016 BMW i3 Base Hatchback,https://www.edmunds.com/bmw/i3/2016/vin/WBY1Z2C55GV556507/?radius=100
2017 Nissan LEAF SL Hatchback,https://www.edmunds.com/nissan/leaf/2017/vin/1N4BZ0CPXHC301768/?radius=100
2021 Nissan LEAF S Hatchback,https://www.edmunds.com/nissan/leaf/2021/vin/1N4AZ1BVXMC550549/?radius=100
2018 Nissan LEAF SL Hatchback,https://www.edmunds.com/nissan/leaf/2018/vin/1N4AZ1CPXJC312132/?radius=100
2014 BMW i3 Base Hatchback,https://www.edmunds.com/bmw/i3/2014/vin/WBY1Z2C53EVX51874/?radius=100
2022 MINI Hardtop 2 Door Cooper SE Hatchback,https://www.edmunds.com/mini/hardtop-2-door/2022/vin/WMW13DJ08N2S27351/?radius=100
2018 Tesla Model 3 Performance,https://www.edmunds.com/tesla/model-3/2018/vin/5YJ3E1EB6JF080633/?radius=100
2015 smart fortwo electric drive coupe Hatchback,https://www.edmunds.com/smart/fortwo/2015/vin/WMEEJ9AA1FK839264/?radius=100
2013 Nissan LEAF SV Hatchback,https://www.edmunds.com/nissan/leaf/2013/vin/1N4AZ0CP1DC418435/?radius=100
2021 Volkswagen ID.4 Pro S (Statement),https://www.edmunds.com/volkswagen/id4/2021/vin/WVGTMPE22MP030114/?radius=100
2020 Nissan LEAF S Hatchback,https://www.edmunds.com/nissan/leaf/2020/vin/1N4AZ1BP6LC302315/?radius=100
2015 Nissan LEAF S Hatchback,https://www.edmunds.com/nissan/leaf/2015/vin/1N4AZ0CP4FC330742/?radius=100
2022 Nissan LEAF S Hatchback,https://www.edmunds.com/nissan/leaf/2022/vin/1N4AZ1BV8NC564032/?radius=100
2022 Hyundai Kona Electric SEL,https://www.edmunds.com/hyundai/kona-electric/2022/vin/KM8K23AG7NU145189/?radius=100
2023 Tesla Model 3 Base,https://www.edmunds.com/tesla/model-3/2023/vin/5YJ3E1EAXPF422410/?radius=100
2022 Audi Q4 Sportback e-tron Premium Plus,https://www.edmunds.com/audi/q4-sportback-e-tron/2022/vin/WA1W2BFZ9NP044108/?radius=100
2023 Kia EV6 Wind,https://www.edmunds.com/kia/ev6/2023/vin/KNDC34LA5P5104934/?radius=100
2021 MINI Hardtop 2 Door Cooper SE Hatchback,https://www.edmunds.com/mini/hardtop-2-door/2021/vin/WMWXP3C05M2P18240/?radius=100
2020 Chevrolet Bolt EV LT Hatchback,https://www.edmunds.com/chevrolet/bolt-ev/2020/vin/1G1FY6S09L4113860/?radius=100
2022 Polestar 2 Long Range Dual Motor Hatchback,https://www.edmunds.com/polestar/2/2022/vin/LPSED3KA2NL077274/?radius=100
2018 smart fortwo electric drive pure Hatchback,https://www.edmunds.com/smart/fortwo/2018/vin/WMEFJ9BA9JK287346/?radius=100
2015 Nissan LEAF S Hatchback,https://www.edmunds.com/nissan/leaf/2015/vin/1N4AZ0CP6FC335327/?radius=100
2022 Kia Niro EV EX Premium,https://www.edmunds.com/kia/niro-ev/2022/vin/KNDCE3LGXN5138423/?radius=100
2023 MINI Hardtop 2 Door Cooper SE Signature Hatchback,https://www.edmunds.com/mini/hardtop-2-door/2023/vin/WMW13DJ05P2S90684/?radius=100
2016 Volkswagen e-Golf SE Hatchback,https://www.edmunds.com/volkswagen/e-golf/2016/vin/WVWKP7AU2GW916782/?radius=100
2022 Volvo C40 Recharge Ultimate Hatchback,https://www.edmunds.com/volvo/c40-recharge/2022/vin/YV4ED3GB7N2007135/?radius=100
2023 Tesla Model 3 Base,https://www.edmunds.com/tesla/model-3/2023/vin/5YJ3E1EA8PF399449/?radius=100
2022 Mazda MX-30 Premium Plus,https://www.edmunds.com/mazda/mx-30/2022/vin/JM1DRADB4N0100702/?radius=100
2022 Mazda MX-30 Premium Plus,https://www.edmunds.com/mazda/mx-30/2022/vin/JM1DRADB8N0100525/?radius=100
2022 Mazda MX-30 Premium Plus,https://www.edmunds.com/mazda/mx-30/2022/vin/JM1DRADB0N0100390/?radius=100
2021 Hyundai Ioniq Electric Limited Hatchback,https://www.edmunds.com/hyundai/ioniq-electric/2021/vin/KMHC85LJ9MU078780/?radius=100
2018 Tesla Model 3 Performance,https://www.edmunds.com/tesla/model-3/2018/vin/5YJ3E1EB7JF186573/?radius=100
2016 Nissan LEAF S Hatchback,https://www.edmunds.com/nissan/leaf/2016/vin/1N4AZ0CP3GC308104/?radius=100
2016 Chevrolet Spark EV 2LT Hatchback,https://www.edmunds.com/chevrolet/spark-ev/2016/vin/KL8CL6S05GC580688/?radius=100
2018 Kia Soul EV Base,https://www.edmunds.com/kia/soul-ev/2018/vin/KNDJP3AE3J7026791/?radius=100
2023 MINI Hardtop 2 Door Cooper SE Hatchback,https://www.edmunds.com/mini/hardtop-2-door/2023/vin/WMW13DJ01P2T32087/?radius=100
2022 Tesla Model Y Long Range,https://www.edmunds.com/tesla/model-y/2022/vin/7SAYGDEE1NF523856/?radius=100
2019 Nissan LEAF SL PLUS Hatchback,https://www.edmunds.com/nissan/leaf/2019/vin/1N4BZ1CP9KC316324/?radius=100
2018 Nissan LEAF SL Hatchback,https://www.edmunds.com/nissan/leaf/2018/vin/1N4AZ1CP4JC315365/?radius=100
2021 Volkswagen ID.4 Pro,https://www.edmunds.com/volkswagen/id4/2021/vin/WVGRMPE2XMP059614/?radius=100
2023 Chevrolet Bolt EUV Premier Hatchback,https://www.edmunds.com/chevrolet/bolt-euv/2023/vin/1G1FZ6S08P4108233/?radius=100
2022 Audi e-tron Sportback Premium S line,https://www.edmunds.com/audi/e-tron-sportback/2022/vin/WA11AAGE8NB027185/?radius=100
2023 Audi Q4 e-tron Premium Plus,https://www.edmunds.com/audi/q4-e-tron/2023/vin/WA1L2BFZ6PP000329/?radius=100
2022 Audi e-tron Sportback Premium Plus S line,https://www.edmunds.com/audi/e-tron-sportback/2022/vin/WA12AAGE3NB043363/?radius=100
2022 Volkswagen ID.4 Pro,https://www.edmunds.com/volkswagen/id4/2022/vin/WVGRMPE23NP070360/?radius=100
2023 Volvo C40 Recharge Twin Pure Electric Plus Hatchback,https://www.edmunds.com/volvo/c40-recharge-twin-pure-electric/2023/vin/YV4ED3GL6P2035911/?radius=100
2022 Kia EV6 Wind,https://www.edmunds.com/kia/ev6/2022/vin/KNDC34LA4N5030791/?radius=100
2022 Lucid Air Grand Touring,https://www.edmunds.com/lucid/air/2022/vin/50EA1GBA2NA001387/?radius=100
2023 Ford Mustang Mach-E Premium Hatchback,https://www.edmunds.com/ford/mustang-mach-e/2023/vin/3FMTK3RM7PMA09358/?radius=100
2022 Volkswagen ID.4 AWD Pro,https://www.edmunds.com/volkswagen/id4/2022/vin/WVGJNPE27NP040269/?radius=100
2023 Audi e-tron Sportback Premium S line,https://www.edmunds.com/audi/e-tron-sportback/2023/vin/WA12AAGE9PB011200/?radius=100
2022 Tesla Model 3 Base,https://www.edmunds.com/tesla/model-3/2022/vin/5YJ3E1EA3NF155785/?radius=100
2022 Tesla Model 3 Base,https://www.edmunds.com/tesla/model-3/2022/vin/5YJ3E1EA8NF337191/?radius=100
2023 Tesla Model 3 Base,https://www.edmunds.com/tesla/model-3/2023/vin/5YJ3E1EA1PF495665/?radius=100
2023 Subaru Solterra Touring,https://www.edmunds.com/subaru/solterra/2023/vin/JTMABABA3PA001528/?radius=100
2022 Tesla Model X Base,https://www.edmunds.com/tesla/model-x/2022/vin/7SAXCAE55NF349828/?radius=100
2023 Hyundai IONIQ 5 SEL,https://www.edmunds.com/hyundai/ioniq-5/2023/vin/KM8KN4AE7PU150844/?radius=100
2023 Tesla Model 3 Base,https://www.edmunds.com/tesla/model-3/2023/vin/5YJ3E1EA4PF477614/?radius=100
2022 Tesla Model 3 Performance,https://www.edmunds.com/tesla/model-3/2022/vin/5YJ3E1EC2NF242384/?radius=100
2022 Audi e-tron S Premium Plus,https://www.edmunds.com/audi/e-tron-s/2022/vin/WA1ACBGE9NB033433/?radius=100
2022 Tesla Model X Base,https://www.edmunds.com/tesla/model-x/2022/vin/7SAXCDE53NF345732/?radius=100
2015 BMW i3 Base Hatchback,https://www.edmunds.com/bmw/i3/2015/vin/WBY1Z2C54FV555573/?radius=100
2022 Tesla Model X Base,https://www.edmunds.com/tesla/model-x/2022/vin/7SAXCDE54NF337381/?radius=100
2022 Tesla Model Y Long Range,https://www.edmunds.com/tesla/model-y/2022/vin/7SAYGDEEXNF336793/?radius=100
2022 MINI Hardtop 2 Door Cooper SE Hatchback,https://www.edmunds.com/mini/hardtop-2-door/2022/vin/WMW13DJ00N2S11886/?radius=100
2023 Audi Q4 Sportback e-tron Prestige,https://www.edmunds.com/audi/q4-sportback-e-tron/2023/vin/WA142BFZ1PP021464/?radius=100
2022 Tesla Model 3 Base,https://www.edmunds.com/tesla/model-3/2022/vin/5YJ3E1EA5NF345152/?radius=100
2019 Audi e-tron Prestige quattro,https://www.edmunds.com/audi/e-tron/2019/vin/WA1VAAGE3KB020514/?radius=100
2022 Hyundai IONIQ 5 SE,https://www.edmunds.com/hyundai/ioniq-5/2022/vin/KM8KM4AE3NU091467/?radius=100
2014 Nissan LEAF SL Hatchback,https://www.edmunds.com/nissan/leaf/2014/vin/1N4AZ0CP8EC336316/?radius=100
2022 Audi e-tron S Premium Plus,https://www.edmunds.com/audi/e-tron-s/2022/vin/WA1ACBGE6NB040520/?radius=100
2022 Tesla Model 3 Base,https://www.edmunds.com/tesla/model-3/2022/vin/5YJ3E1EA6NF250938/?radius=100
2023 Toyota bZ4X XLE,https://www.edmunds.com/toyota/bz4x/2023/vin/JTMAAAAA5PA012034/?radius=100
2018 Tesla Model X 100D,https://www.edmunds.com/tesla/model-x/2018/vin/5YJXCAE23JF138012/?radius=100
2021 Volkswagen ID.4 Pro S (Statement),https://www.edmunds.com/volkswagen/id4/2021/vin/WVGKMPE29MP058617/?radius=100
2022 BMW i4 eDrive40,https://www.edmunds.com/bmw/i4/2022/vin/WBY73AW09NFN11275/?radius=100
2022 Audi e-tron Premium,https://www.edmunds.com/audi/e-tron/2022/vin/WA1AAAGE6NB011857/?radius=100
2022 MINI Hardtop 2 Door Cooper SE Hatchback,https://www.edmunds.com/mini/hardtop-2-door/2022/vin/WMW13DJ02N2R63735/?radius=100
2023 Toyota bZ4X XLE,https://www.edmunds.com/toyota/bz4x/2023/vin/JTMAAAAA7PA011435/?radius=100
2022 Hyundai IONIQ 5 SE,https://www.edmunds.com/hyundai/ioniq-5/2022/vin/KM8KMDAF7NU101877/?radius=100
2019 Audi e-tron Premium Plus quattro,https://www.edmunds.com/audi/e-tron/2019/vin/WA1LAAGEXKB011932/?radius=100
2023 Audi e-tron GT Prestige,https://www.edmunds.com/audi/e-tron-gt/2023/vin/WAUEJBFW8P7002006/?radius=100
2023 Audi e-tron Sportback Premium S line,https://www.edmunds.com/audi/e-tron-sportback/2023/vin/WA12AAGE1PB007464/?radius=100
2022 MINI Hardtop 2 Door Cooper SE Hatchback,https://www.edmunds.com/mini/hardtop-2-door/2022/vin/WMW13DJ00N2R94370/?radius=100
2017 Chevrolet Bolt EV Premier Hatchback,https://www.edmunds.com/chevrolet/bolt-ev/2017/vin/1G1FX6S0XH4184334/?radius=100
2017 smart fortwo electric drive passion Convertible,https://www.edmunds.com/smart/fortwo/2017/vin/WMEFK9BA0HK227317/?radius=100
2020 Chevrolet Bolt EV Premier Hatchback,https://www.edmunds.com/chevrolet/bolt-ev/2020/vin/1G1FZ6S0XL4136660/?radius=100
2022 Ford Mustang Mach-E Premium Hatchback,https://www.edmunds.com/ford/mustang-mach-e/2022/vin/3FMTK3RM2NMA16568/?radius=100
2023 Nissan ARIYA Engage,https://www.edmunds.com/nissan/ariya/2023/vin/JN1AF0BA6PM403074/?radius=100
2022 Chevrolet Bolt EUV Premier Hatchback,https://www.edmunds.com/chevrolet/bolt-euv/2022/vin/1G1FZ6S0XN4120610/?radius=100
2021 Porsche Taycan Turbo S,https://www.edmunds.com/porsche/taycan/2021/vin/WP0AC2Y1XMLA62033/?radius=100
2015 BMW i3 Base Hatchback,https://www.edmunds.com/bmw/i3/2015/vin/WBY1Z2C57FV286534/?radius=100
2022 Volkswagen ID.4 Pro S (Statement),https://www.edmunds.com/volkswagen/id4/2022/vin/WVGKMPE29NP037249/?radius=100
2022 Audi e-tron Premium,https://www.edmunds.com/audi/e-tron/2022/vin/WA1AAAGE9NB006782/?radius=100
2022 Kia Niro EV EX,https://www.edmunds.com/kia/niro-ev/2022/vin/KNDCC3LG8N5135638/?radius=100
2021 Volkswagen ID.4 AWD Pro S (Statement),https://www.edmunds.com/volkswagen/id4/2021/vin/WVGUNPE23MP063544/?radius=100
2015 Nissan LEAF SV Hatchback,https://www.edmunds.com/nissan/leaf/2015/vin/1N4AZ0CP1FC316829/?radius=100
2019 Audi e-tron Premium Plus quattro,https://www.edmunds.com/audi/e-tron/2019/vin/WA1LAAGE0KB023765/?radius=100
2021 Ford Mustang Mach-E Premium Hatchback,https://www.edmunds.com/ford/mustang-mach-e/2021/vin/3FMTK3SS6MMA09114/?radius=100
2021 Ford Mustang Mach-E Premium Hatchback,https://www.edmunds.com/ford/mustang-mach-e/2021/vin/3FMTK3SS5MMA58403/?radius=100
2022 Hyundai IONIQ 5 SE,https://www.edmunds.com/hyundai/ioniq-5/2022/vin/KM8KMDAF2NU101396/?radius=100
2019 Nissan LEAF SV Hatchback,https://www.edmunds.com/nissan/leaf/2019/vin/1N4AZ1CPXKC300421/?radius=100
2023 Toyota bZ4X XLE,https://www.edmunds.com/toyota/bz4x/2023/vin/JTMAAAAA6PA007912/?radius=100
2022 Kia EV6 Wind,https://www.edmunds.com/kia/ev6/2022/vin/KNDC3DLC4N5056745/?radius=100
2016 Nissan LEAF S Hatchback,https://www.edmunds.com/nissan/leaf/2016/vin/1N4AZ0CP5GC310890/?radius=100
2022 Hyundai IONIQ 5 SE,https://www.edmunds.com/hyundai/ioniq-5/2022/vin/KM8KM4AE6NU091771/?radius=100
2016 Chevrolet Spark EV 2LT Hatchback,https://www.edmunds.com/chevrolet/spark-ev/2016/vin/KL8CL6S09GC598028/?radius=100
2022 Tesla Model 3 Base,https://www.edmunds.com/tesla/model-3/2022/vin/5YJ3E1EA7NF157250/?radius=100
2022 Nissan LEAF SV PLUS Hatchback,https://www.edmunds.com/nissan/leaf/2022/vin/1N4BZ1CV2NC560643/?radius=100
2021 Ford Mustang Mach-E Select Hatchback,https://www.edmunds.com/ford/mustang-mach-e/2021/vin/3FMTK1RM8MMA49058/?radius=100
2022 MINI Hardtop 2 Door Cooper SE Hatchback,https://www.edmunds.com/mini/hardtop-2-door/2022/vin/WMW13DJ02N2S07497/?radius=100
2022 Polestar 2 Long Range Dual Motor Hatchback,https://www.edmunds.com/polestar/2/2022/vin/LPSED3KA4NL054773/?radius=100
2022 Kia Niro EV EX,https://www.edmunds.com/kia/niro-ev/2022/vin/KNDCC3LG8N5148521/?radius=100
2022 Kia EV6 Wind,https://www.edmunds.com/kia/ev6/2022/vin/KNDC3DLC4N5058950/?radius=100
2022 Kia Niro EV EX Premium,https://www.edmunds.com/kia/niro-ev/2022/vin/KNDCE3LG6N5122025/?radius=100
2015 Nissan LEAF SL Hatchback,https://www.edmunds.com/nissan/leaf/2015/vin/1N4AZ0CPXFC314805/?radius=100
2022 Volvo C40 Recharge Twin Pure Electric Ultimate Hatchback,https://www.edmunds.com/volvo/c40-recharge-twin-pure-electric/2022/vin/YV4ED3GB8N2009038/?radius=100
2016 Volkswagen e-Golf SE Hatchback,https://www.edmunds.com/volkswagen/e-golf/2016/vin/WVWKP7AU1GW909841/?radius=100
2022 Kia Niro EV EX Premium,https://www.edmunds.com/kia/niro-ev/2022/vin/KNDCE3LG3N5145889/?radius=100
2021 Tesla Model X Plaid,https://www.edmunds.com/tesla/model-x/2021/vin/5YJXCBE4XMF320639/?radius=100
2021 Tesla Model Y Long Range,https://www.edmunds.com/tesla/model-y/2021/vin/5YJYGDEE3MF139685/?radius=100
2021 Ford Mustang Mach-E GT Hatchback,https://www.edmunds.com/ford/mustang-mach-e/2021/vin/3FMTK4SE6MME00800/?radius=100
2017 Kia Soul EV Base,https://www.edmunds.com/kia/soul-ev/2017/vin/KNDJP3AE4H7019262/?radius=100
2022 Ford Mustang Mach-E Select Hatchback,https://www.edmunds.com/ford/mustang-mach-e/2022/vin/3FMTK1SS0NMA18381/?radius=100
2017 Kia Soul EV +,https://www.edmunds.com/kia/soul-ev/2017/vin/KNDJX3AE8H7022987/?radius=100
2021 Volkswagen ID.4 1st Edition,https://www.edmunds.com/volkswagen/id4/2021/vin/WVGDMPE22MP009509/?radius=100
2022 Hyundai IONIQ 5 SE,https://www.edmunds.com/hyundai/ioniq-5/2022/vin/KM8KM4AE6NU069107/?radius=100
2022 Volkswagen ID.4 Pro,https://www.edmunds.com/volkswagen/id4/2022/vin/WVGRMPE27NP045302/?radius=100
2023 MINI Hardtop 2 Door Cooper SE Signature Hatchback,https://www.edmunds.com/mini/hardtop-2-door/2023/vin/WMW13DJ0XP2S54408/?radius=100
2018 Nissan LEAF SL Hatchback,https://www.edmunds.com/nissan/leaf/2018/vin/1N4AZ1CP4JC308318/?radius=100
2022 Polestar 2 Long Range Dual Motor Hatchback,https://www.edmunds.com/polestar/2/2022/vin/LPSED3KAXNL077281/?radius=100
2021 Ford Mustang Mach-E GT Hatchback,https://www.edmunds.com/ford/mustang-mach-e/2021/vin/3FMTK4SE3MME01693/?radius=100
2022 Hyundai IONIQ 5 SE,https://www.edmunds.com/hyundai/ioniq-5/2022/vin/KM8KMDAF2NU079741/?radius=100
2021 Ford Mustang Mach-E Premium Hatchback,https://www.edmunds.com/ford/mustang-mach-e/2021/vin/3FMTK3SS2MMA02726/?radius=100
2021 Ford Mustang Mach-E Premium Hatchback,https://www.edmunds.com/ford/mustang-mach-e/2021/vin/3FMTK3RM1MMA35708/?radius=100
2022 Ford Mustang Mach-E Select Hatchback,https://www.edmunds.com/ford/mustang-mach-e/2022/vin/3FMTK1SS5NMA13757/?radius=100
2015 Volkswagen e-Golf SEL Premium Hatchback,https://www.edmunds.com/volkswagen/e-golf/2015/vin/WVWPP7AU8FW903006/?radius=100
2022 Hyundai IONIQ 5 SE,https://www.edmunds.com/hyundai/ioniq-5/2022/vin/KM8KM4AE6NU064456/?radius=100
2018 Tesla Model S P100D,https://www.edmunds.com/tesla/model-s/2018/vin/5YJSA1E43JF277249/?radius=100
2022 Kia Niro EV EX Premium,https://www.edmunds.com/kia/niro-ev/2022/vin/KNDCE3LG0N5122005/?radius=100
2022 Ford Mustang Mach-E Select Hatchback,https://www.edmunds.com/ford/mustang-mach-e/2022/vin/3FMTK1RM8NMA03635/?radius=100
2022 Hyundai IONIQ 5 SE,https://www.edmunds.com/hyundai/ioniq-5/2022/vin/KM8KM4AE0NU064033/?radius=100
2021 Tesla Model Y Performance,https://www.edmunds.com/tesla/model-y/2021/vin/5YJYGDEF5MF256130/?radius=100
2022 Kia Niro EV EX,https://www.edmunds.com/kia/niro-ev/2022/vin/KNDCC3LG4N5150539/?radius=100
2021 Ford Mustang Mach-E Select Hatchback,https://www.edmunds.com/ford/mustang-mach-e/2021/vin/3FMTK1RM3MMA35584/?radius=100
2022 Kia EV6 Wind,https://www.edmunds.com/kia/ev6/2022/vin/KNDC3DLC3N5038124/?radius=100
2022 Ford Mustang Mach-E Select Hatchback,https://www.edmunds.com/ford/mustang-mach-e/2022/vin/3FMTK1SS2NMA18561/?radius=100
2022 Kia Niro EV EX Premium,https://www.edmunds.com/kia/niro-ev/2022/vin/KNDCE3LGXN5128278/?radius=100
2020 Tesla Model Y Long Range,https://www.edmunds.com/tesla/model-y/2020/vin/5YJYGDEE2LF010982/?radius=100
2016 Volkswagen e-Golf SE Hatchback,https://www.edmunds.com/volkswagen/e-golf/2016/vin/WVWKP7AU9GW910297/?radius=100
2021 Volvo XC40 Recharge Pure Electric P8,https://www.edmunds.com/volvo/xc40-recharge/2021/vin/YV4ED3URXM2544713/?radius=100
2015 Nissan LEAF S Hatchback,https://www.edmunds.com/nissan/leaf/2015/vin/1N4AZ0CP5FC323363/?radius=100
2015 Nissan LEAF SV Hatchback,https://www.edmunds.com/nissan/leaf/2015/vin/1N4AZ0CP5FC304568/?radius=100
2014 Tesla Model S P85,https://www.edmunds.com/tesla/model-s/2014/vin/5YJSA1H11EFP49858/?radius=100
2019 Nissan LEAF SV Hatchback,https://www.edmunds.com/nissan/leaf/2019/vin/1N4AZ1CP0KC305580/?radius=100
2021 Audi e-tron Premium,https://www.edmunds.com/audi/e-tron/2021/vin/WA1AAAGEXMB014694/?radius=100
2015 Volkswagen e-Golf SEL Premium Hatchback,https://www.edmunds.com/volkswagen/e-golf/2015/vin/WVWPP7AU0FW902920/?radius=100
2015 Chevrolet Spark EV 1LT Hatchback,https://www.edmunds.com/chevrolet/spark-ev/2015/vin/KL8CK6S09FC725474/?radius=100
2021 Tesla Model S Long Range,https://www.edmunds.com/tesla/model-s/2021/vin/5YJSA1E25MF426960/?radius=100
2018 Chevrolet Bolt EV Premier Hatchback,https://www.edmunds.com/chevrolet/bolt-ev/2018/vin/1G1FX6S00J4108756/?radius=100
2012 Nissan LEAF SL Hatchback,https://www.edmunds.com/nissan/leaf/2012/vin/JN1AZ0CP3CT024141/?radius=100
2014 Toyota RAV4 EV Base,https://www.edmunds.com/toyota/rav4-ev/2014/vin/2T3YL4DVXEW002428/?radius=100
2020 BMW i3 Base Hatchback,https://www.edmunds.com/bmw/i3/2020/vin/WBY8P2C00L7G30698/?radius=100
2014 BMW i3 Base Hatchback,https://www.edmunds.com/bmw/i3/2014/vin/WBY1Z2C5XEVX51869/?radius=100
2022 Kia EV6 Wind,https://www.edmunds.com/kia/ev6/2022/vin/KNDC3DLC6N5043592/?radius=100
2018 Kia Soul EV +,https://www.edmunds.com/kia/soul-ev/2018/vin/KNDJX3AE0J7026473/?radius=100
2020 Jaguar I-PACE S Hatchback,https://www.edmunds.com/jaguar/i-pace/2020/vin/SADHB2S10L1F84680/?radius=100
2022 Audi e-tron Premium Plus,https://www.edmunds.com/audi/e-tron/2022/vin/WA1LAAGE0NB033734/?radius=100
2023 MINI Hardtop 2 Door Cooper SE Signature Hatchback,https://www.edmunds.com/mini/hardtop-2-door/2023/vin/WMW13DJ06P2S77250/?radius=100
2015 Nissan LEAF S Hatchback,https://www.edmunds.com/nissan/leaf/2015/vin/1N4AZ0CP6FC308130/?radius=100
2013 Ford Focus Electric Hatchback,https://www.edmunds.com/ford/focus/2013/vin/1FADP3R40DL270067/?radius=100
2013 Ford Focus Electric Hatchback,https://www.edmunds.com/ford/focus/2013/vin/1FADP3R45DL296552/?radius=100
2015 Nissan LEAF SL Hatchback,https://www.edmunds.com/nissan/leaf/2015/vin/1N4AZ0CPXFC304484/?radius=100
2013 Nissan LEAF SV Hatchback,https://www.edmunds.com/nissan/leaf/2013/vin/1N4AZ0CP3DC410076/?radius=100
2013 Nissan LEAF SL Hatchback,https://www.edmunds.com/nissan/leaf/2013/vin/1N4AZ0CPXDC413928/?radius=100
2020 Chevrolet Bolt EV LT Hatchback,https://www.edmunds.com/chevrolet/bolt-ev/2020/vin/1G1FY6S0XL4121403/?radius=100
2016 Volkswagen e-Golf SE Hatchback,https://www.edmunds.com/volkswagen/e-golf/2016/vin/WVWKP7AUXGW913726/?radius=100
2021 Tesla Model Y Long Range,https://www.edmunds.com/tesla/model-y/2021/vin/5YJYGAEE5MF185727/?radius=100
2015 Nissan LEAF S Hatchback,https://www.edmunds.com/nissan/leaf/2015/vin/1N4AZ0CP4FC306652/?radius=100
2016 Volkswagen e-Golf SE Hatchback,https://www.edmunds.com/volkswagen/e-golf/2016/vin/WVWKP7AU3GW913521/?radius=100
2016 Volkswagen e-Golf SE Hatchback,https://www.edmunds.com/volkswagen/e-golf/2016/vin/WVWKP7AU3GW903703/?radius=100
2015 Nissan LEAF S Hatchback,https://www.edmunds.com/nissan/leaf/2015/vin/1N4AZ0CP4FC323497/?radius=100
2018 Nissan LEAF S Hatchback,https://www.edmunds.com/nissan/leaf/2018/vin/1N4AZ1CP0JC309840/?radius=100
2015 Chevrolet Spark EV 2LT Hatchback,https://www.edmunds.com/chevrolet/spark-ev/2015/vin/KL8CL6S09FC704542/?radius=100
2013 Nissan LEAF S Hatchback,https://www.edmunds.com/nissan/leaf/2013/vin/1N4AZ0CP9DC413905/?radius=100
2016 Volkswagen e-Golf SEL Premium Hatchback,https://www.edmunds.com/volkswagen/e-golf/2016/vin/WVWPP7AU3GW901181/?radius=100
2015 BMW i3 Base Hatchback,https://www.edmunds.com/bmw/i3/2015/vin/WBY1Z2C50FV287007/?radius=100
2019 Nissan LEAF SV Hatchback,https://www.edmunds.com/nissan/leaf/2019/vin/1N4AZ1CP4KC309292/?radius=100
2021 BMW i3 Base Hatchback,https://www.edmunds.com/bmw/i3/2021/vin/WBY8P2C01M7H95869/?radius=100
2022 Hyundai IONIQ 5 SE,https://www.edmunds.com/hyundai/ioniq-5/2022/vin/KM8KM4AE6NU073027/?radius=100
2017 Tesla Model X 90D,https://www.edmunds.com/tesla/model-x/2017/vin/5YJXCDE22HF026314/?radius=100
2022 Rivian R1T Launch Edition Crew Cab,https://www.edmunds.com/rivian/r1t/2022/vin/7FCTGAAL9NN006536/?radius=100
2021 Volkswagen ID.4 1st Edition,https://www.edmunds.com/volkswagen/id4/2021/vin/WVGDMPE23MP019658/?radius=100
2021 Ford Mustang Mach-E Select Hatchback,https://www.edmunds.com/ford/mustang-mach-e/2021/vin/3FMTK1SSXMMA02431/?radius=100
2022 Hyundai IONIQ 5 SE,https://www.edmunds.com/hyundai/ioniq-5/2022/vin/KM8KM4AE5NU065906/?radius=100
2021 Tesla Model 3 Standard Range Plus,https://www.edmunds.com/tesla/model-3/2021/vin/5YJ3E1EAXMF092120/?radius=100
2022 Kia EV6 Wind,https://www.edmunds.com/kia/ev6/2022/vin/KNDC3DLC1N5036789/?radius=100
2021 Ford Mustang Mach-E First Edition Hatchback,https://www.edmunds.com/ford/mustang-mach-e/2021/vin/3FMTK3SU4MMA04656/?radius=100
2020 Kia Niro EV EX,https://www.edmunds.com/kia/niro-ev/2020/vin/KNDCC3LG7L5047113/?radius=100
2013 Tesla Model S Base,https://www.edmunds.com/tesla/model-s/2013/vin/5YJSA1CNXDFP08881/?radius=100
2017 Tesla Model S 60D,https://www.edmunds.com/tesla/model-s/2017/vin/5YJSA1E20HF189400/?radius=100
2014 Toyota RAV4 EV Base,https://www.edmunds.com/toyota/rav4-ev/2014/vin/2T3YL4DV2EW003296/?radius=100
2017 Mercedes-Benz B-Class Electric Drive B 250e Hatchback,https://www.edmunds.com/mercedes-benz/b-class-electric-drive/2017/vin/WDDVP9AB1HJ012837/?radius=100
2021 Ford Mustang Mach-E Premium Hatchback,https://www.edmunds.com/ford/mustang-mach-e/2021/vin/3FMTK3SUXMMA62870/?radius=100
2014 BMW i3 Base Hatchback,https://www.edmunds.com/bmw/i3/2014/vin/WBY1Z2C59EVX51099/?radius=100
2018 BMW i3 Base Hatchback,https://www.edmunds.com/bmw/i3/2018/vin/WBY7Z2C59JVE65101/?radius=100
2022 Rivian R1S Launch Edition,https://www.edmunds.com/rivian/r1s/2022/vin/7PDSGABL7NN001456/?radius=100
2019 Audi e-tron Prestige quattro,https://www.edmunds.com/audi/e-tron/2019/vin/WA1VAAGE6KB023004/?radius=100
2020 Nissan LEAF SL PLUS Hatchback,https://www.edmunds.com/nissan/leaf/2020/vin/1N4BZ1DP2LC300868/?radius=100
2015 BMW i3 Base Hatchback,https://www.edmunds.com/bmw/i3/2015/vin/WBY1Z2C53FV286207/?radius=100
2018 Nissan LEAF SL Hatchback,https://www.edmunds.com/nissan/leaf/2018/vin/1N4AZ1CP2JC306714/?radius=100
2022 Audi e-tron Chronos Edition,https://www.edmunds.com/audi/e-tron/2022/vin/WA1VABGE9NB019524/?radius=100
2020 Tesla Model Y Long Range,https://www.edmunds.com/tesla/model-y/2020/vin/5YJYGDEE5LF053387/?radius=100
2022 Hyundai IONIQ 5 SE,https://www.edmunds.com/hyundai/ioniq-5/2022/vin/KM8KMDAFXNU053405/?radius=100
2021 Ford Mustang Mach-E Select Hatchback,https://www.edmunds.com/ford/mustang-mach-e/2021/vin/3FMTK1SSXMMA18922/?radius=100
2022 Rivian R1T Adventure Crew Cab,https://www.edmunds.com/rivian/r1t/2022/vin/7FCTGAAA7NN007974/?radius=100
2019 Volkswagen e-Golf SE Hatchback,https://www.edmunds.com/volkswagen/e-golf/2019/vin/WVWKR7AU0KW919439/?radius=100
2021 Ford Mustang Mach-E California Route 1 Hatchback,https://www.edmunds.com/ford/mustang-mach-e/2021/vin/3FMTK2R75MMA01520/?radius=100
2016 Tesla Model X 90D,https://www.edmunds.com/tesla/model-x/2016/vin/5YJXCBE22GF008043/?radius=100
2022 Volvo XC40 Recharge Twin Pure Electric Plus,https://www.edmunds.com/volvo/xc40-recharge-twin-pure-electric/2022/vin/YV4ED3UR4N2652911/?radius=100
2021 Ford Mustang Mach-E Premium Hatchback,https://www.edmunds.com/ford/mustang-mach-e/2021/vin/3FMTK3R77MMA01959/?radius=100
2018 BMW i3 s Hatchback,https://www.edmunds.com/bmw/i3/2018/vin/WBY7Z6C55JVB96733/?radius=100
2020 Hyundai Kona Electric Ultimate,https://www.edmunds.com/hyundai/kona-electric/2020/vin/KM8K53AG3LU063285/?radius=100
2019 Tesla Model 3 Long Range,https://www.edmunds.com/tesla/model-3/2019/vin/5YJ3E1EB0KF210925/?radius=100
2015 BMW i3 Base Hatchback,https://www.edmunds.com/bmw/i3/2015/vin/WBY1Z2C57FV555504/?radius=100
2019 Hyundai Ioniq Electric Limited Hatchback,https://www.edmunds.com/hyundai/ioniq-electric/2019/vin/KMHC05LH6KU048184/?radius=100
2016 Kia Soul EV +,https://www.edmunds.com/kia/soul-ev/2016/vin/KNDJX3AE9G7007638/?radius=100
2020 Tesla Model X Long Range,https://www.edmunds.com/tesla/model-x/2020/vin/5YJXCBE26LF222527/?radius=100
2021 Tesla Model 3 Long Range,https://www.edmunds.com/tesla/model-3/2021/vin/5YJ3E1EB8MF068116/?radius=100
2017 BMW i3 Base Hatchback,https://www.edmunds.com/bmw/i3/2017/vin/WBY1Z6C39HV949675/?radius=100
2020 Tesla Model 3 Standard Range Plus,https://www.edmunds.com/tesla/model-3/2020/vin/5YJ3E1EA9LF803966/?radius=100
2017 Chevrolet Bolt EV LT Hatchback,https://www.edmunds.com/chevrolet/bolt-ev/2017/vin/1G1FW6S01H4146834/?radius=100
2021 Tesla Model Y Long Range,https://www.edmunds.com/tesla/model-y/2021/vin/5YJYGDEE6MF072841/?radius=100
2020 Tesla Model 3 Standard Range Plus,https://www.edmunds.com/tesla/model-3/2020/vin/5YJ3E1EA7LF704594/?radius=100
2022 Kia Niro EV EX,https://www.edmunds.com/kia/niro-ev/2022/vin/KNDCC3LG5N5118618/?radius=100
2019 Tesla Model 3 Long Range,https://www.edmunds.com/tesla/model-3/2019/vin/5YJ3E1EB3KF493207/?radius=100
2017 Chevrolet Bolt EV Premier Hatchback,https://www.edmunds.com/chevrolet/bolt-ev/2017/vin/1G1FX6S07H4164316/?radius=100
2020 Tesla Model 3 Performance,https://www.edmunds.com/tesla/model-3/2020/vin/5YJ3E1EC5LF586160/?radius=100
2021 Ford Mustang Mach-E First Edition Hatchback,https://www.edmunds.com/ford/mustang-mach-e/2021/vin/3FMTK3SU9MMA08010/?radius=100
2020 Tesla Model 3 Performance,https://www.edmunds.com/tesla/model-3/2020/vin/5YJ3E1EC4LF642069/?radius=100
2018 Tesla Model 3 Performance,https://www.edmunds.com/tesla/model-3/2018/vin/5YJ3E1EB9JF063311/?radius=100
2020 Tesla Model Y Long Range,https://www.edmunds.com/tesla/model-y/2020/vin/5YJYGDEE4LF057592/?radius=100
2022 Tesla Model 3 Performance,https://www.edmunds.com/tesla/model-3/2022/vin/5YJ3E1EC1NF196966/?radius=100
2021 Tesla Model Y Performance,https://www.edmunds.com/tesla/model-y/2021/vin/5YJYGDEF3MF133541/?radius=100
2016 Tesla Model S 60,https://www.edmunds.com/tesla/model-s/2016/vin/5YJSA1E15GF160254/?radius=100
2020 Tesla Model Y Long Range,https://www.edmunds.com/tesla/model-y/2020/vin/5YJYGDEE9LF008307/?radius=100
2019 Tesla Model 3 Standard Range Plus,https://www.edmunds.com/tesla/model-3/2019/vin/5YJ3E1EAXKF317052/?radius=100
2021 Tesla Model S Long Range,https://www.edmunds.com/tesla/model-s/2021/vin/5YJSA1E20MF427367/?radius=100
2021 Tesla Model Y Long Range,https://www.edmunds.com/tesla/model-y/2021/vin/5YJYGDEE3MF063840/?radius=100
2013 Nissan LEAF S Hatchback,https://www.edmunds.com/nissan/leaf/2013/vin/1N4AZ0CP9DC416514/?radius=100
2020 Hyundai Kona Electric SEL,https://www.edmunds.com/hyundai/kona-electric/2020/vin/KM8K23AG6LU077206/?radius=100
2019 Tesla Model 3 Long Range,https://www.edmunds.com/tesla/model-3/2019/vin/5YJ3E1EB8KF530381/?radius=100
2019 Tesla Model X P100D,https://www.edmunds.com/tesla/model-x/2019/vin/5YJXCDE43KF185366/?radius=100
2014 Tesla Model S 60,https://www.edmunds.com/tesla/model-s/2014/vin/5YJSA1S18EFP37960/?radius=100
2022 Chevrolet Bolt EUV Premier Hatchback,https://www.edmunds.com/chevrolet/bolt-euv/2022/vin/1G1FZ6S07N4119477/?radius=100
2021 Tesla Model 3 Standard Range Plus,https://www.edmunds.com/tesla/model-3/2021/vin/5YJ3E1EA4MF057055/?radius=100
2022 Hyundai IONIQ 5 SEL,https://www.edmunds.com/hyundai/ioniq-5/2022/vin/KM8KNDAF3NU112131/?radius=100
2023 Mercedes-Benz EQB EQB 250+,https://www.edmunds.com/mercedes-benz/eqb/2023/vin/W1N9M0CB1PN026962/?radius=100
2021 Volkswagen ID.4 1st Edition,https://www.edmunds.com/volkswagen/id4/2021/vin/WVGDMPE22MP013737/?radius=100
2012 Tesla Model S Performance,https://www.edmunds.com/tesla/model-s/2012/vin/5YJSA1DP1CFS01074/?radius=100
2023 Audi Q4 e-tron Premium Plus,https://www.edmunds.com/audi/q4-e-tron/2023/vin/WA1BCBFZ4PP009264/?radius=100
2019 Tesla Model 3 Long Range,https://www.edmunds.com/tesla/model-3/2019/vin/5YJ3E1EB0KF432977/?radius=100
2018 Tesla Model 3 Long Range,https://www.edmunds.com/tesla/model-3/2018/vin/5YJ3E1EB5JF093888/?radius=100
2013 Tesla Model S Base,https://www.edmunds.com/tesla/model-s/2013/vin/5YJSA1CN7DFP26416/?radius=100
2017 Tesla Model X P100D,https://www.edmunds.com/tesla/model-x/2017/vin/5YJXCBE43HF077357/?radius=100
2013 Tesla Model S Performance,https://www.edmunds.com/tesla/model-s/2013/vin/5YJSA1DP8DFP16364/?radius=100
2023 Tesla Model 3 Base,https://www.edmunds.com/tesla/model-3/2023/vin/5YJ3E1EA8PF398544/?radius=100
2019 Tesla Model X Long Range,https://www.edmunds.com/tesla/model-x/2019/vin/5YJXCDE25KF207771/?radius=100
2019 Audi e-tron Premium Plus quattro,https://www.edmunds.com/audi/e-tron/2019/vin/WA1LAAGE8KB020452/?radius=100
2022 MINI Hardtop 2 Door Cooper SE Hatchback,https://www.edmunds.com/mini/hardtop-2-door/2022/vin/WMW13DJ07N2R39057/?radius=100
2020 Tesla Model 3 Standard Range Plus,https://www.edmunds.com/tesla/model-3/2020/vin/5YJ3E1EA6LF631489/?radius=100
2016 Tesla Model S 70,https://www.edmunds.com/tesla/model-s/2016/vin/5YJSA1E18GF134778/?radius=100
2016 Tesla Model X 90D,https://www.edmunds.com/tesla/model-x/2016/vin/5YJXCBE2XGF001518/?radius=100
2019 Audi e-tron Prestige quattro,https://www.edmunds.com/audi/e-tron/2019/vin/WA1VABGE9KB011418/?radius=100
2019 Audi e-tron Prestige quattro,https://www.edmunds.com/audi/e-tron/2019/vin/WA1VAAGE8KB008276/?radius=100
2016 Tesla Model X P90D,https://www.edmunds.com/tesla/model-x/2016/vin/5YJXCBE43GF015892/?radius=100
2016 Nissan LEAF S Hatchback,https://www.edmunds.com/nissan/leaf/2016/vin/1N4AZ0CP3GC302271/?radius=100
2020 Tesla Model 3 Long Range,https://www.edmunds.com/tesla/model-3/2020/vin/5YJ3E1EBXLF627860/?radius=100
2019 Tesla Model 3 Mid Range,https://www.edmunds.com/tesla/model-3/2019/vin/5YJ3E1EA3KF519862/?radius=100
2021 Tesla Model S Long Range,https://www.edmunds.com/tesla/model-s/2021/vin/5YJSA1E21MF426566/?radius=100
2021 Ford Mustang Mach-E Premium Hatchback,https://www.edmunds.com/ford/mustang-mach-e/2021/vin/3FMTK3SU0MMA06548/?radius=100
2018 Tesla Model 3 Long Range,https://www.edmunds.com/tesla/model-3/2018/vin/5YJ3E1EB0JF066887/?radius=100
2019 Tesla Model 3 Standard Range Plus,https://www.edmunds.com/tesla/model-3/2019/vin/5YJ3E1EA4KF428504/?radius=100
2017 Tesla Model S 75D,https://www.edmunds.com/tesla/model-s/2017/vin/5YJSA1E28HF208758/?radius=100
2020 Tesla Model Y Long Range,https://www.edmunds.com/tesla/model-y/2020/vin/5YJYGDEE0LF023634/?radius=100
2019 Audi e-tron Premium Plus quattro,https://www.edmunds.com/audi/e-tron/2019/vin/WA1LABGE5KB020768/?radius=100
2020 Tesla Model 3 Performance,https://www.edmunds.com/tesla/model-3/2020/vin/5YJ3E1EC9LF624957/?radius=100
2017 Tesla Model X 75D,https://www.edmunds.com/tesla/model-x/2017/vin/5YJXCDE21HF076184/?radius=100
2014 Tesla Model S 85,https://www.edmunds.com/tesla/model-s/2014/vin/5YJSA1H17EFP30425/?radius=100
2019 Tesla Model 3 Long Range,https://www.edmunds.com/tesla/model-3/2019/vin/5YJ3E1EB4KF406642/?radius=100
2019 Tesla Model 3 Long Range,https://www.edmunds.com/tesla/model-3/2019/vin/5YJ3E1EB2KF364990/?radius=100
2018 Tesla Model 3 Long Range,https://www.edmunds.com/tesla/model-3/2018/vin/5YJ3E1EA2JF021408/?radius=100
2016 Tesla Model S P100D,https://www.edmunds.com/tesla/model-s/2016/vin/5YJSA1E41GF172699/?radius=100
2019 Tesla Model 3 Performance,https://www.edmunds.com/tesla/model-3/2019/vin/5YJ3E1EB4KF432920/?radius=100
2016 Tesla Model X 90D,https://www.edmunds.com/tesla/model-x/2016/vin/5YJXCDE26GF029490/?radius=100
2021 Volkswagen ID.4 Pro S (Statement),https://www.edmunds.com/volkswagen/id4/2021/vin/WVGKMPE24MP024617/?radius=100
2023 Rivian R1S Adventure,https://www.edmunds.com/rivian/r1s/2023/vin/7PDSGABA0PN008766/?radius=100
2021 Audi e-tron Premium,https://www.edmunds.com/audi/e-tron/2021/vin/WA1AAAGE4MB014674/?radius=100
2019 Tesla Model X Long Range,https://www.edmunds.com/tesla/model-x/2019/vin/5YJXCBE28KF206280/?radius=100
